-- phpMyAdmin SQL Dump
-- version 5.2.0
-- https://www.phpmyadmin.net/
--
-- Host: localhost:3306
-- Generation Time: Jul 04, 2026 at 06:24 PM
-- Server version: 8.0.30
-- PHP Version: 8.1.10

SET SQL_MODE = "NO_AUTO_VALUE_ON_ZERO";
START TRANSACTION;
SET time_zone = "+00:00";


/*!40101 SET @OLD_CHARACTER_SET_CLIENT=@@CHARACTER_SET_CLIENT */;
/*!40101 SET @OLD_CHARACTER_SET_RESULTS=@@CHARACTER_SET_RESULTS */;
/*!40101 SET @OLD_COLLATION_CONNECTION=@@COLLATION_CONNECTION */;
/*!40101 SET NAMES utf8mb4 */;

--
-- Database: `uptd_lab`
--

DELIMITER $$
--
-- Procedures
--
CREATE DEFINER=`root`@`localhost` PROCEDURE `sp_update_payment_total` (IN `p_submission_id` INT)   BEGIN
    DECLARE v_total DECIMAL(15,2);
    
    SELECT IFNULL(SUM(jumlah_sample_angka * price_at_time), 0)
    INTO v_total
    FROM submission_samples
    WHERE submission_id = p_submission_id;
    
    UPDATE payments 
    SET total_tagihan = v_total
    WHERE submission_id = p_submission_id;
END$$

DELIMITER ;

-- --------------------------------------------------------

--
-- Table structure for table `activities`
--

CREATE TABLE `activities` (
  `id` int NOT NULL,
  `user_id` int DEFAULT NULL,
  `activity_name` varchar(255) DEFAULT NULL,
  `ip_address` varchar(45) DEFAULT NULL,
  `user_agent` text,
  `created_at` timestamp NULL DEFAULT CURRENT_TIMESTAMP
) ENGINE=InnoDB DEFAULT CHARSET=utf8mb4 COLLATE=utf8mb4_0900_ai_ci;

--
-- Dumping data for table `activities`
--

INSERT INTO `activities` (`id`, `user_id`, `activity_name`, `ip_address`, `user_agent`, `created_at`) VALUES
(1, NULL, 'register', NULL, NULL, '2026-02-28 09:06:04'),
(2, 1, 'register', NULL, NULL, '2026-02-28 10:19:57'),
(3, 1, 'login', NULL, NULL, '2026-02-28 10:38:57'),
(4, 1, 'login', NULL, NULL, '2026-02-28 10:41:06'),
(5, 1, 'login', NULL, NULL, '2026-02-28 10:46:32'),
(6, 1, 'login', NULL, NULL, '2026-02-28 22:28:48'),
(7, 1, 'login', NULL, NULL, '2026-02-28 22:29:31'),
(8, 1, 'login', NULL, NULL, '2026-02-28 22:48:46'),
(9, 1, 'login', NULL, NULL, '2026-03-01 08:33:23'),
(10, 1, 'login', NULL, NULL, '2026-03-01 08:57:03'),
(11, 1, 'login', NULL, NULL, '2026-03-01 08:59:37'),
(12, 1, 'login', NULL, NULL, '2026-03-01 09:04:54'),
(13, 1, 'login', NULL, NULL, '2026-03-01 09:05:06'),
(14, 1, 'login', NULL, NULL, '2026-03-01 09:06:12'),
(15, 1, 'login', NULL, NULL, '2026-03-01 09:08:19'),
(16, 1, 'login', NULL, NULL, '2026-03-01 09:12:27'),
(17, 1, 'login', NULL, NULL, '2026-03-01 09:14:09'),
(18, 1, 'login', NULL, NULL, '2026-03-01 09:15:04'),
(19, 1, 'login', NULL, NULL, '2026-03-01 09:18:23'),
(20, 1, 'login', NULL, NULL, '2026-03-01 09:20:50'),
(21, 1, 'login', NULL, NULL, '2026-03-01 09:24:21'),
(22, 1, 'login', NULL, NULL, '2026-03-01 09:24:59'),
(23, 1, 'login', NULL, NULL, '2026-03-01 09:25:34'),
(24, 1, 'login', NULL, NULL, '2026-03-01 09:59:56'),
(25, 1, 'login', NULL, NULL, '2026-03-01 10:29:25'),
(26, 1, 'login', NULL, NULL, '2026-03-01 10:30:04'),
(27, 1, 'login', NULL, NULL, '2026-03-01 10:41:19'),
(28, 1, 'login', NULL, NULL, '2026-03-01 10:42:53'),
(29, 1, 'login', NULL, NULL, '2026-03-01 10:49:51'),
(30, 1, 'login', NULL, NULL, '2026-03-01 10:51:30'),
(31, 1, 'login', NULL, NULL, '2026-03-01 15:32:02'),
(32, 1, 'login', NULL, NULL, '2026-03-01 18:46:24'),
(33, 1, 'login', NULL, NULL, '2026-03-01 18:52:46'),
(34, 1, 'login', NULL, NULL, '2026-03-01 18:57:30'),
(35, 1, 'create_submission', NULL, NULL, '2026-03-01 19:09:39'),
(36, 1, 'login', NULL, NULL, '2026-03-01 19:15:45'),
(37, 1, 'create_submission', NULL, NULL, '2026-03-01 19:17:37'),
(38, 1, 'login', NULL, NULL, '2026-03-01 19:27:32'),
(39, 1, 'login', NULL, NULL, '2026-03-01 19:32:56'),
(40, 1, 'login', NULL, NULL, '2026-03-01 19:38:03'),
(41, 1, 'login', NULL, NULL, '2026-03-01 19:47:31'),
(42, 1, 'login', NULL, NULL, '2026-03-01 19:54:18'),
(43, 1, 'login', NULL, NULL, '2026-03-01 19:59:17'),
(44, 1, 'login', NULL, NULL, '2026-03-01 19:59:40'),
(45, 1, 'login', NULL, NULL, '2026-03-01 20:00:04'),
(46, 1, 'login', NULL, NULL, '2026-03-02 09:38:18'),
(47, 1, 'login', NULL, NULL, '2026-03-02 12:39:19'),
(48, 1, 'create_submission', NULL, NULL, '2026-03-02 12:42:16'),
(49, 1, 'login', NULL, NULL, '2026-03-02 12:44:55'),
(50, 1, 'login', NULL, NULL, '2026-03-02 13:11:22'),
(51, 1, 'create_submission', NULL, NULL, '2026-03-02 13:12:55'),
(52, 1, 'login', NULL, NULL, '2026-03-03 04:16:40'),
(53, 1, 'create_submission', NULL, NULL, '2026-03-03 04:17:53'),
(54, 1, 'login', NULL, NULL, '2026-03-03 04:28:18'),
(55, 1, 'login', NULL, NULL, '2026-03-03 04:31:03'),
(56, 1, 'create_submission', NULL, NULL, '2026-03-03 04:31:49'),
(57, 1, 'login', NULL, NULL, '2026-03-03 04:34:31'),
(58, 1, 'create_submission', NULL, NULL, '2026-03-03 04:36:34'),
(59, 1, 'login', NULL, NULL, '2026-03-03 04:40:44'),
(60, 1, 'create_submission', NULL, NULL, '2026-03-03 04:41:14'),
(61, 1, 'login', NULL, NULL, '2026-03-03 04:44:21'),
(62, 1, 'create_submission', NULL, NULL, '2026-03-03 04:45:02'),
(63, 1, 'login', NULL, NULL, '2026-03-03 09:06:38'),
(64, 1, 'login', NULL, NULL, '2026-03-03 09:09:15'),
(65, 1, 'login', NULL, NULL, '2026-03-03 09:21:33'),
(66, 1, 'login', NULL, NULL, '2026-03-03 16:22:30'),
(67, 1, 'login', NULL, NULL, '2026-03-03 16:32:08'),
(68, 1, 'login', NULL, NULL, '2026-03-03 16:32:43'),
(69, 1, 'login', NULL, NULL, '2026-03-03 16:33:15'),
(70, 1, 'login', NULL, NULL, '2026-03-03 16:36:40'),
(71, 1, 'login', NULL, NULL, '2026-03-03 16:39:09'),
(72, 1, 'login', NULL, NULL, '2026-03-03 16:47:12'),
(73, 1, 'login', NULL, NULL, '2026-03-03 16:59:28'),
(74, 1, 'login', NULL, NULL, '2026-03-03 17:02:05'),
(75, 1, 'login', NULL, NULL, '2026-03-03 17:15:38'),
(76, 1, 'login', NULL, NULL, '2026-03-04 03:51:43'),
(77, 1, 'login', NULL, NULL, '2026-03-04 04:07:24'),
(78, 1, 'login', NULL, NULL, '2026-03-04 04:11:32'),
(79, 1, 'login', NULL, NULL, '2026-03-04 04:16:50'),
(80, 1, 'login', NULL, NULL, '2026-03-04 04:29:49'),
(81, 1, 'login', NULL, NULL, '2026-03-04 04:46:47'),
(82, 1, 'login', NULL, NULL, '2026-03-04 05:03:06'),
(83, 1, 'login', NULL, NULL, '2026-03-04 05:05:08'),
(84, 4, 'login', NULL, NULL, '2026-03-04 05:46:07'),
(85, 4, 'login', NULL, NULL, '2026-03-04 06:00:48'),
(86, 1, 'login', NULL, NULL, '2026-03-04 07:18:55'),
(87, 4, 'login', NULL, NULL, '2026-03-04 07:19:20'),
(88, 4, 'login', NULL, NULL, '2026-03-04 07:22:08'),
(89, 4, 'login', NULL, NULL, '2026-03-04 07:24:22'),
(90, 4, 'login', NULL, NULL, '2026-03-04 08:23:59'),
(91, 4, 'login', NULL, NULL, '2026-03-04 08:27:03'),
(92, 4, 'login', NULL, NULL, '2026-03-04 08:41:05'),
(93, 4, 'login', NULL, NULL, '2026-03-04 08:43:28'),
(94, 1, 'login', NULL, NULL, '2026-03-04 17:33:13'),
(95, 1, 'login', NULL, NULL, '2026-03-04 17:36:08'),
(96, 1, 'login', NULL, NULL, '2026-03-04 18:00:03'),
(97, 1, 'login', NULL, NULL, '2026-03-04 18:04:35'),
(98, 4, 'login', NULL, NULL, '2026-03-04 18:05:42'),
(99, 4, 'login', NULL, NULL, '2026-03-04 18:55:41'),
(100, 4, 'login', NULL, NULL, '2026-03-04 18:56:19'),
(101, 1, 'login', NULL, NULL, '2026-03-04 18:56:43'),
(102, 4, 'login', NULL, NULL, '2026-03-04 18:58:22'),
(103, 4, 'login', NULL, NULL, '2026-03-04 18:58:34'),
(104, 4, 'login', NULL, NULL, '2026-03-04 18:58:51'),
(105, 4, 'login', NULL, NULL, '2026-03-04 19:03:23'),
(106, 4, 'login', NULL, NULL, '2026-03-04 19:04:49'),
(107, 4, 'login', NULL, NULL, '2026-03-04 19:07:18'),
(108, 4, 'login', NULL, NULL, '2026-03-04 19:08:47'),
(109, 4, 'login', NULL, NULL, '2026-03-04 19:20:59'),
(110, 4, 'login', NULL, NULL, '2026-03-04 19:23:02'),
(111, 4, 'login', NULL, NULL, '2026-03-05 01:58:52'),
(112, 4, 'login', NULL, NULL, '2026-03-05 02:02:24'),
(113, 4, 'login', NULL, NULL, '2026-03-05 02:02:34'),
(114, 4, 'login', NULL, NULL, '2026-03-05 02:10:58'),
(115, 4, 'login', NULL, NULL, '2026-03-05 02:43:03'),
(116, 4, 'login', NULL, NULL, '2026-03-05 03:47:54'),
(117, 4, 'login', NULL, NULL, '2026-03-05 08:07:36'),
(118, 4, 'login', NULL, NULL, '2026-03-05 08:16:13'),
(119, 4, 'login', NULL, NULL, '2026-03-05 08:38:35'),
(120, 4, 'login', NULL, NULL, '2026-03-05 08:45:58'),
(121, 4, 'login', NULL, NULL, '2026-03-05 08:47:20'),
(122, 4, 'login', NULL, NULL, '2026-03-05 08:52:46'),
(123, 4, 'login', NULL, NULL, '2026-03-05 09:04:54'),
(124, 4, 'login', NULL, NULL, '2026-03-05 21:27:09'),
(125, 4, 'login', NULL, NULL, '2026-03-05 22:51:30'),
(126, 4, 'Update status ke Sedang Diuji', NULL, NULL, '2026-03-05 22:53:39'),
(127, 4, 'Update status ke Menunggu Verifikasi', NULL, NULL, '2026-03-05 22:53:43'),
(128, 4, 'Update status ke Lunas', NULL, NULL, '2026-03-05 22:53:45'),
(129, 4, 'Update status ke Menunggu Verifikasi', NULL, NULL, '2026-03-05 22:53:50'),
(130, 4, 'login', NULL, NULL, '2026-03-05 22:56:36'),
(131, 4, 'login', NULL, NULL, '2026-03-05 22:59:13'),
(132, 4, 'login', NULL, NULL, '2026-03-05 23:02:08'),
(133, 4, 'Update status ke Pengecekan Sampel', NULL, NULL, '2026-03-05 23:02:16'),
(134, 4, 'Update status ke Menunggu Verifikasi', NULL, NULL, '2026-03-05 23:02:30'),
(135, 4, 'Update status ke Menunggu Verifikasi', NULL, NULL, '2026-03-05 23:03:02'),
(136, 4, 'login', NULL, NULL, '2026-03-05 23:18:47'),
(137, 4, 'login', NULL, NULL, '2026-03-06 00:06:23'),
(138, 4, 'login', NULL, NULL, '2026-03-06 00:10:59'),
(139, 4, 'Update status ke Pengecekan Sampel', NULL, NULL, '2026-03-06 00:11:06'),
(140, 4, 'Update status ke Menunggu Verifikasi', NULL, NULL, '2026-03-06 00:11:16'),
(141, 4, 'Update status ke Menunggu Verifikasi', NULL, NULL, '2026-03-06 00:11:26'),
(142, 4, 'login', NULL, NULL, '2026-03-06 00:12:15'),
(143, 4, 'Update status ke Belum Lunas', NULL, NULL, '2026-03-06 00:12:26'),
(144, 4, 'login', NULL, NULL, '2026-03-06 05:18:24'),
(145, 4, 'login', NULL, NULL, '2026-03-09 00:11:31'),
(146, 4, 'login', NULL, NULL, '2026-03-09 13:20:10'),
(147, 4, 'login', NULL, NULL, '2026-03-09 14:00:32'),
(148, 4, 'login', NULL, NULL, '2026-03-09 14:09:17'),
(149, 4, 'login', NULL, NULL, '2026-03-09 14:20:30'),
(150, 4, 'login', NULL, NULL, '2026-03-09 14:26:36'),
(151, 4, 'login', NULL, NULL, '2026-03-09 14:48:27'),
(152, 4, 'login', NULL, NULL, '2026-03-09 15:00:04'),
(153, 4, 'login', NULL, NULL, '2026-03-09 15:08:32'),
(154, 4, 'Verifikasi pembayaran SKRD #INV-2026-00011 sebesar Rp 50000', NULL, NULL, '2026-03-09 15:11:21'),
(155, 4, 'login', NULL, NULL, '2026-03-09 15:14:22'),
(156, 4, 'login', NULL, NULL, '2026-03-09 15:24:33'),
(157, 4, 'login', NULL, NULL, '2026-03-09 15:32:54'),
(158, 4, 'login', NULL, NULL, '2026-03-09 17:33:41'),
(159, 4, 'login', NULL, NULL, '2026-03-09 18:39:37'),
(160, 4, 'login', NULL, NULL, '2026-03-09 18:42:44'),
(161, 4, 'login', NULL, NULL, '2026-03-09 18:50:35'),
(162, 4, 'login', NULL, NULL, '2026-03-09 18:53:40'),
(163, 4, 'login', NULL, NULL, '2026-03-09 18:55:43'),
(164, 4, 'login', NULL, NULL, '2026-03-09 22:47:03'),
(165, 4, 'login', NULL, NULL, '2026-03-10 01:53:24'),
(166, 4, 'login', NULL, NULL, '2026-03-10 02:12:34'),
(167, 4, 'login', NULL, NULL, '2026-03-10 02:18:09'),
(168, 4, 'login', NULL, NULL, '2026-03-10 03:39:02'),
(169, 4, 'login', NULL, NULL, '2026-03-10 09:20:44'),
(170, 4, 'login', NULL, NULL, '2026-03-10 10:04:15'),
(171, 4, 'login', NULL, NULL, '2026-03-10 12:13:30'),
(172, 4, 'login', NULL, NULL, '2026-03-10 19:56:28'),
(173, 4, 'login', NULL, NULL, '2026-03-10 21:25:03'),
(174, 4, 'login', NULL, NULL, '2026-03-10 21:50:40'),
(175, 4, 'login', NULL, NULL, '2026-03-10 21:55:08'),
(176, 4, 'login', NULL, NULL, '2026-03-11 02:48:45'),
(177, 4, 'login', NULL, NULL, '2026-03-11 02:49:05'),
(178, 4, 'login', NULL, NULL, '2026-03-11 02:49:29'),
(179, 4, 'login', NULL, NULL, '2026-03-11 03:01:46'),
(180, 4, 'login', NULL, NULL, '2026-03-11 16:44:30'),
(181, 4, 'login', NULL, NULL, '2026-03-11 16:48:24'),
(182, 4, 'login', NULL, NULL, '2026-03-11 16:51:29'),
(183, 4, 'login', NULL, NULL, '2026-03-11 16:55:16'),
(184, 4, 'login', NULL, NULL, '2026-03-11 17:28:19'),
(185, 4, 'login', NULL, NULL, '2026-03-12 07:36:14'),
(186, 4, 'login', NULL, NULL, '2026-03-12 08:45:54'),
(187, 4, 'login', NULL, NULL, '2026-03-12 21:41:09'),
(188, 4, 'Add Busy Period', '::1', 'Mozilla/5.0 (Windows NT 10.0; Win64; x64) AppleWebKit/537.36 (KHTML, like Gecko) Chrome/145.0.0.0 Safari/537.36 Edg/145.0.0.0', '2026-03-13 04:02:39'),
(189, 4, 'Update Busy Mode', '::1', 'Mozilla/5.0 (Windows NT 10.0; Win64; x64) AppleWebKit/537.36 (KHTML, like Gecko) Chrome/145.0.0.0 Safari/537.36 Edg/145.0.0.0', '2026-03-13 04:02:50'),
(190, NULL, 'register', NULL, NULL, '2026-03-13 16:13:48'),
(191, NULL, 'login', NULL, NULL, '2026-03-13 16:13:56'),
(192, 4, 'login', NULL, NULL, '2026-03-14 04:56:59'),
(193, NULL, 'login', NULL, NULL, '2026-03-14 09:29:02'),
(194, 4, 'login', NULL, NULL, '2026-03-14 09:29:15'),
(195, 4, 'login', NULL, NULL, '2026-03-14 09:33:00'),
(196, 4, 'Update Busy Mode', '::1', 'Mozilla/5.0 (Windows NT 10.0; Win64; x64) AppleWebKit/537.36 (KHTML, like Gecko) Chrome/145.0.0.0 Safari/537.36 Edg/145.0.0.0', '2026-03-14 09:35:06'),
(197, 4, 'login', NULL, NULL, '2026-03-14 09:37:40'),
(198, 4, 'Update Busy Mode', '::1', 'Mozilla/5.0 (Windows NT 10.0; Win64; x64) AppleWebKit/537.36 (KHTML, like Gecko) Chrome/145.0.0.0 Safari/537.36 Edg/145.0.0.0', '2026-03-14 09:37:44'),
(199, 4, 'Update Busy Mode', '::1', 'Mozilla/5.0 (Windows NT 10.0; Win64; x64) AppleWebKit/537.36 (KHTML, like Gecko) Chrome/145.0.0.0 Safari/537.36 Edg/145.0.0.0', '2026-03-14 09:37:48'),
(200, 4, 'Update Busy Mode', '::1', 'Mozilla/5.0 (Windows NT 10.0; Win64; x64) AppleWebKit/537.36 (KHTML, like Gecko) Chrome/145.0.0.0 Safari/537.36 Edg/145.0.0.0', '2026-03-14 09:37:55'),
(201, 4, 'login', NULL, NULL, '2026-03-14 09:38:24'),
(202, 4, 'login', NULL, NULL, '2026-03-14 09:46:59'),
(203, 4, 'login', NULL, NULL, '2026-03-14 09:48:47'),
(204, 4, 'login', NULL, NULL, '2026-03-14 09:55:40'),
(205, 4, 'login', NULL, NULL, '2026-03-14 09:58:23'),
(206, NULL, 'login', NULL, NULL, '2026-03-14 10:08:13'),
(207, NULL, 'login', NULL, NULL, '2026-03-14 10:08:24'),
(208, NULL, 'login', NULL, NULL, '2026-03-14 10:16:19'),
(209, NULL, 'login', NULL, NULL, '2026-03-14 10:20:17'),
(210, NULL, 'create_submission', NULL, NULL, '2026-03-14 10:21:42'),
(211, 4, 'login', NULL, NULL, '2026-03-14 10:22:02'),
(212, NULL, 'login', NULL, NULL, '2026-03-14 10:45:28'),
(213, NULL, 'login', NULL, NULL, '2026-03-14 14:39:05'),
(214, NULL, 'login', NULL, NULL, '2026-03-14 14:44:04'),
(215, NULL, 'login', NULL, NULL, '2026-03-14 14:58:09'),
(216, 4, 'login', NULL, NULL, '2026-03-14 15:01:36'),
(217, 4, 'Update status ke Selesai', NULL, NULL, '2026-03-14 15:02:28'),
(218, 4, 'Verifikasi pembayaran SKRD #INV-2026-00012 sebesar Rp 900000', NULL, NULL, '2026-03-14 15:02:55'),
(219, NULL, 'login', NULL, NULL, '2026-03-14 15:04:46'),
(220, 4, 'login', NULL, NULL, '2026-03-14 15:05:33'),
(221, 4, 'Update status ke Selesai', NULL, NULL, '2026-03-14 15:05:57'),
(222, NULL, 'login', NULL, NULL, '2026-03-14 15:07:15'),
(223, 4, 'login', NULL, NULL, '2026-03-14 15:45:06'),
(224, 4, 'Upload Laporan Submission #12', '::1', 'Mozilla/5.0 (Windows NT 10.0; Win64; x64) AppleWebKit/537.36 (KHTML, like Gecko) Chrome/145.0.0.0 Safari/537.36 Edg/145.0.0.0', '2026-03-14 15:45:25'),
(225, 4, 'Update status ke Selesai', NULL, NULL, '2026-03-14 15:45:31'),
(226, NULL, 'login', NULL, NULL, '2026-03-14 15:45:41'),
(227, 4, 'login', NULL, NULL, '2026-03-14 15:46:33'),
(228, 4, 'login', NULL, NULL, '2026-03-14 15:58:01'),
(229, NULL, 'login', NULL, NULL, '2026-03-14 15:58:34'),
(230, NULL, 'login', NULL, NULL, '2026-03-14 16:06:52'),
(231, NULL, 'login', NULL, NULL, '2026-03-14 16:20:00'),
(232, NULL, 'login', NULL, NULL, '2026-03-14 16:29:15'),
(233, NULL, 'login', NULL, NULL, '2026-03-14 16:35:07'),
(234, NULL, 'login', NULL, NULL, '2026-03-14 16:36:46'),
(235, NULL, 'create_submission', NULL, NULL, '2026-03-14 16:38:10'),
(236, NULL, 'login', NULL, NULL, '2026-03-15 07:34:22'),
(237, NULL, 'login', NULL, NULL, '2026-03-15 07:36:51'),
(238, NULL, 'login', NULL, NULL, '2026-03-15 07:37:07'),
(239, NULL, 'login', NULL, NULL, '2026-03-15 07:37:24'),
(240, NULL, 'login', NULL, NULL, '2026-03-15 07:39:21'),
(241, NULL, 'login', NULL, NULL, '2026-03-15 07:41:40'),
(242, NULL, 'login', NULL, NULL, '2026-03-15 08:16:38'),
(243, NULL, 'login', NULL, NULL, '2026-03-15 08:22:18'),
(244, 6, 'register', NULL, NULL, '2026-03-27 17:08:07'),
(245, 6, 'login', NULL, NULL, '2026-03-27 17:08:50'),
(246, 6, 'login', NULL, NULL, '2026-03-27 17:11:17'),
(247, 6, 'login', NULL, NULL, '2026-03-27 21:05:36'),
(248, 6, 'login', NULL, NULL, '2026-03-27 21:08:59'),
(249, 6, 'login', NULL, NULL, '2026-03-27 21:26:27'),
(250, 6, 'login', NULL, NULL, '2026-03-27 21:56:45'),
(251, 6, 'login', NULL, NULL, '2026-03-27 22:43:11'),
(252, 6, 'create_submission', NULL, NULL, '2026-03-27 22:44:41'),
(253, 6, 'login', NULL, NULL, '2026-03-27 22:50:23'),
(254, 6, 'login', NULL, NULL, '2026-03-27 22:52:44'),
(255, 6, 'login', NULL, NULL, '2026-03-27 23:16:15'),
(256, 6, 'create_submission', NULL, NULL, '2026-03-27 23:20:35'),
(257, 6, 'login', NULL, NULL, '2026-03-27 23:31:38'),
(258, 6, 'create_submission', NULL, NULL, '2026-03-27 23:32:34'),
(259, 6, 'login', NULL, NULL, '2026-03-27 23:50:24'),
(260, 6, 'login', NULL, NULL, '2026-03-28 00:00:11'),
(261, 6, 'create_submission', NULL, NULL, '2026-03-28 00:01:27'),
(262, 6, 'login', NULL, NULL, '2026-03-28 00:18:09'),
(263, 6, 'create_submission', NULL, NULL, '2026-03-28 00:20:21'),
(264, 6, 'login', NULL, NULL, '2026-03-28 00:25:01'),
(265, 6, 'create_submission', NULL, NULL, '2026-03-28 00:25:36'),
(266, 6, 'login', NULL, NULL, '2026-03-28 00:30:05'),
(267, 6, 'create_submission', NULL, NULL, '2026-03-28 00:31:07'),
(268, 6, 'login', NULL, NULL, '2026-03-28 00:33:53'),
(269, 6, 'create_submission', NULL, NULL, '2026-03-28 00:34:29'),
(270, 6, 'login', NULL, NULL, '2026-03-28 00:37:36'),
(271, 6, 'create_submission', NULL, NULL, '2026-03-28 00:38:07'),
(272, 4, 'login', NULL, NULL, '2026-03-28 00:58:13'),
(273, 6, 'login', NULL, NULL, '2026-03-28 01:06:18'),
(274, 6, 'login', NULL, NULL, '2026-03-28 01:13:56'),
(275, 6, 'login', NULL, NULL, '2026-03-28 01:15:16'),
(276, 4, 'login', NULL, NULL, '2026-05-01 11:36:27'),
(277, 4, 'Update status ke Menunggu SKRD Upload', NULL, NULL, '2026-05-01 11:39:37'),
(278, 4, 'Update status ke Menunggu Verifikasi', NULL, NULL, '2026-05-01 11:39:38'),
(279, 4, 'Update status ke Menunggu Verifikasi', NULL, NULL, '2026-05-01 11:39:39'),
(280, 4, 'Update status ke Menunggu Verifikasi', NULL, NULL, '2026-05-01 11:39:40'),
(281, 4, 'Update status ke Menunggu Verifikasi', NULL, NULL, '2026-05-01 11:39:40'),
(282, 4, 'login', NULL, NULL, '2026-05-01 11:49:58'),
(283, 4, 'login', NULL, NULL, '2026-05-01 11:58:38'),
(284, 4, 'login', NULL, NULL, '2026-05-01 12:06:24'),
(285, 4, 'login', NULL, NULL, '2026-05-01 13:19:14'),
(286, 4, 'login', NULL, NULL, '2026-05-01 13:24:03'),
(287, 4, 'Update status ke Pengecekan Sampel', NULL, NULL, '2026-05-01 13:28:31'),
(288, 4, 'Update status ke Belum Bayar', NULL, NULL, '2026-05-01 13:39:19'),
(289, 4, 'Update status ke Belum Lunas', NULL, NULL, '2026-05-01 13:39:28'),
(290, 4, 'Update status ke Pengecekan Sampel', NULL, NULL, '2026-05-01 13:39:50'),
(291, 4, 'Update status ke Belum Bayar', NULL, NULL, '2026-05-01 13:40:16'),
(292, 4, 'Update status ke Belum Bayar', NULL, NULL, '2026-05-01 13:40:24'),
(293, 4, 'login', NULL, NULL, '2026-05-01 13:49:54'),
(294, 4, 'login', NULL, NULL, '2026-05-01 13:51:16'),
(295, 4, 'Update status ke Menunggu Verifikasi', NULL, NULL, '2026-05-01 13:51:25'),
(296, 4, 'login', NULL, NULL, '2026-05-02 10:30:17'),
(297, 4, 'login', NULL, NULL, '2026-05-02 10:35:14'),
(298, 4, 'login', NULL, NULL, '2026-05-02 10:44:48'),
(299, 4, 'Update status ke Lunas', NULL, NULL, '2026-05-02 10:45:12'),
(300, 4, 'Update status ke Pengecekan Sampel', NULL, NULL, '2026-05-02 10:45:40'),
(301, 4, 'Update status ke Pengecekan Sampel', NULL, NULL, '2026-05-02 10:46:00'),
(302, 4, 'Update status ke Pengecekan Sampel', NULL, NULL, '2026-05-02 10:46:02'),
(303, 4, 'login', NULL, NULL, '2026-05-02 10:53:28'),
(304, 4, 'Update status ke Pengecekan Sampel', NULL, NULL, '2026-05-02 10:53:40'),
(305, 4, 'Update status ke Pengecekan Sampel', NULL, NULL, '2026-05-02 10:54:02'),
(306, 4, 'Update status ke Pengecekan Sampel', NULL, NULL, '2026-05-02 10:54:16'),
(307, 4, 'login', NULL, NULL, '2026-05-02 10:56:48'),
(308, 4, 'Update status ke Belum Bayar', NULL, NULL, '2026-05-02 10:57:06'),
(309, 4, 'Update status ke Belum Bayar', NULL, NULL, '2026-05-02 10:57:19'),
(310, 4, 'login', NULL, NULL, '2026-05-02 11:01:05'),
(311, 4, 'Update status ke Belum Bayar', NULL, NULL, '2026-05-02 11:01:12'),
(312, 4, 'Update status ke Menunggu SKRD Upload', NULL, NULL, '2026-05-02 11:12:00'),
(313, 4, 'Update status ke Belum Lunas', NULL, NULL, '2026-05-02 11:12:23'),
(314, 4, 'Update status ke Lunas', NULL, NULL, '2026-05-02 11:12:31'),
(315, 4, 'Update status ke Sedang Diuji', NULL, NULL, '2026-05-02 11:12:40'),
(316, 4, 'Update status ke Selesai', NULL, NULL, '2026-05-02 11:12:50'),
(317, 4, 'login', NULL, NULL, '2026-05-03 04:43:47'),
(318, 4, 'Update status ke Pengecekan Sampel', NULL, NULL, '2026-05-03 04:44:22'),
(319, 4, 'Update status ke Belum Lunas', NULL, NULL, '2026-05-03 04:45:57'),
(320, 4, 'Update status ke Belum Bayar', NULL, NULL, '2026-05-03 04:46:11'),
(321, 4, 'Update status ke Menunggu SKRD Upload', NULL, NULL, '2026-05-03 04:46:28'),
(322, 4, 'Update status ke Sedang Diuji', NULL, NULL, '2026-05-03 04:46:38'),
(323, 4, 'Update status ke Menunggu Verifikasi', NULL, NULL, '2026-05-03 04:47:18'),
(324, 4, 'login', NULL, NULL, '2026-05-03 04:50:45'),
(325, 4, 'login', NULL, NULL, '2026-05-03 10:15:33'),
(326, 4, 'login', NULL, NULL, '2026-05-03 10:17:23'),
(327, 4, 'Update status ke Sedang Diuji', NULL, NULL, '2026-05-03 10:17:48'),
(328, 4, 'Update status ke Lunas', NULL, NULL, '2026-05-03 10:18:07'),
(329, 4, 'Update status ke Sedang Diuji', NULL, NULL, '2026-05-03 10:18:18'),
(330, 4, 'login', NULL, NULL, '2026-05-03 10:29:39'),
(331, 4, 'login', NULL, NULL, '2026-05-03 10:32:06'),
(332, 4, 'login', NULL, NULL, '2026-05-03 10:33:14'),
(333, 4, 'login', NULL, NULL, '2026-05-03 10:36:32'),
(334, 4, 'login', NULL, NULL, '2026-05-03 10:37:29'),
(335, 4, 'login', NULL, NULL, '2026-05-03 10:38:30'),
(336, 4, 'login', NULL, NULL, '2026-05-03 10:49:31'),
(337, 4, 'login', NULL, NULL, '2026-05-03 11:09:51'),
(338, 4, 'Verifikasi pembayaran SKRD #INV-2026-00009 sebesar Rp 150000', NULL, NULL, '2026-05-03 11:10:21'),
(339, 4, 'Update status ke Belum Lunas', NULL, NULL, '2026-05-03 11:18:39'),
(340, 4, 'Pengingat pembayaran dikirim untuk invoice INV-2026-00005 ke gadis123@gmail.com', NULL, NULL, '2026-05-03 11:21:54'),
(341, 4, 'login', NULL, NULL, '2026-05-03 11:27:21'),
(342, 4, 'login', NULL, NULL, '2026-05-12 08:04:53'),
(343, 4, 'Create Backup', '::1', 'Mozilla/5.0 (Windows NT 10.0; Win64; x64) AppleWebKit/537.36 (KHTML, like Gecko) Chrome/148.0.0.0 Safari/537.36 Edg/148.0.0.0', '2026-05-12 08:12:25'),
(344, 4, 'login', NULL, NULL, '2026-05-20 09:48:15'),
(345, 4, 'Update status ke Dibatalkan', NULL, NULL, '2026-05-20 10:07:28'),
(346, 4, 'Upload Laporan Submission #6', '::1', 'Mozilla/5.0 (Windows NT 10.0; Win64; x64) AppleWebKit/537.36 (KHTML, like Gecko) Chrome/148.0.0.0 Safari/537.36 Edg/148.0.0.0', '2026-05-20 10:08:01'),
(347, 4, 'Update status ke Dibatalkan', NULL, NULL, '2026-05-20 10:08:14'),
(348, 4, 'Update status ke Dibatalkan', NULL, NULL, '2026-05-20 10:08:26'),
(349, 4, 'Update status ke Selesai', NULL, NULL, '2026-05-20 10:08:43'),
(350, 4, 'login', NULL, NULL, '2026-05-20 10:16:46'),
(351, 4, 'login', NULL, NULL, '2026-05-20 10:26:30'),
(352, 4, 'Update status ke Selesai', NULL, NULL, '2026-05-20 10:26:53'),
(353, 4, 'login', NULL, NULL, '2026-05-20 10:30:34'),
(354, 4, 'Update status ke Selesai', NULL, NULL, '2026-05-20 10:30:42'),
(355, 4, 'Update status ke Belum Lunas', NULL, NULL, '2026-05-20 10:30:55'),
(356, 4, 'Update status ke Pengecekan Sampel', NULL, NULL, '2026-05-20 10:31:15'),
(357, 4, 'Update status ke Menunggu SKRD Upload', NULL, NULL, '2026-05-20 10:31:27'),
(358, 4, 'Update status ke Belum Lunas', NULL, NULL, '2026-05-20 10:31:40'),
(359, 4, 'Update status ke Lunas', NULL, NULL, '2026-05-20 10:31:45'),
(360, 4, 'Update status ke Sedang Diuji', NULL, NULL, '2026-05-20 10:31:50'),
(361, 4, 'Update status ke Selesai', NULL, NULL, '2026-05-20 10:31:55'),
(362, 4, 'Update status ke Sedang Diuji', NULL, NULL, '2026-05-20 10:31:59'),
(363, 4, 'cancel', NULL, NULL, '2026-05-20 10:44:29'),
(364, 4, 'Update status ke Dibatalkan', NULL, NULL, '2026-05-20 10:45:05'),
(365, 4, 'login', NULL, NULL, '2026-05-20 10:58:53'),
(366, 4, 'Create Backup', '::1', 'Mozilla/5.0 (Windows NT 10.0; Win64; x64) AppleWebKit/537.36 (KHTML, like Gecko) Chrome/148.0.0.0 Safari/537.36 Edg/148.0.0.0', '2026-05-20 10:58:58'),
(367, 4, 'Create Backup', '::1', 'Mozilla/5.0 (Windows NT 10.0; Win64; x64) AppleWebKit/537.36 (KHTML, like Gecko) Chrome/148.0.0.0 Safari/537.36 Edg/148.0.0.0', '2026-05-20 11:01:43'),
(368, 4, 'login', NULL, NULL, '2026-05-20 11:02:08'),
(369, 4, 'login', NULL, NULL, '2026-05-21 07:57:35'),
(370, 4, 'Delete Busy Period', '::1', 'Mozilla/5.0 (Windows NT 10.0; Win64; x64) AppleWebKit/537.36 (KHTML, like Gecko) Chrome/148.0.0.0 Safari/537.36 Edg/148.0.0.0', '2026-05-21 07:58:24'),
(371, 4, 'Update Busy Mode', '::1', 'Mozilla/5.0 (Windows NT 10.0; Win64; x64) AppleWebKit/537.36 (KHTML, like Gecko) Chrome/148.0.0.0 Safari/537.36 Edg/148.0.0.0', '2026-05-21 07:58:28'),
(372, 4, 'Update Profile', '::1', 'Mozilla/5.0 (Windows NT 10.0; Win64; x64) AppleWebKit/537.36 (KHTML, like Gecko) Chrome/148.0.0.0 Safari/537.36 Edg/148.0.0.0', '2026-05-21 07:58:54'),
(373, 4, 'Create Backup', '::1', 'Mozilla/5.0 (Windows NT 10.0; Win64; x64) AppleWebKit/537.36 (KHTML, like Gecko) Chrome/148.0.0.0 Safari/537.36 Edg/148.0.0.0', '2026-05-21 07:59:02'),
(374, 4, 'Create Backup', '::1', 'Mozilla/5.0 (Windows NT 10.0; Win64; x64) AppleWebKit/537.36 (KHTML, like Gecko) Chrome/148.0.0.0 Safari/537.36 Edg/148.0.0.0', '2026-05-21 08:05:45'),
(375, 4, 'Create Backup', '::1', 'Mozilla/5.0 (Windows NT 10.0; Win64; x64) AppleWebKit/537.36 (KHTML, like Gecko) Chrome/148.0.0.0 Safari/537.36 Edg/148.0.0.0', '2026-05-21 08:05:56'),
(376, 4, 'login', NULL, NULL, '2026-05-21 08:13:32'),
(377, 4, 'Create Backup', '::1', 'Mozilla/5.0 (Windows NT 10.0; Win64; x64) AppleWebKit/537.36 (KHTML, like Gecko) Chrome/148.0.0.0 Safari/537.36 Edg/148.0.0.0', '2026-05-21 08:13:40'),
(378, 4, 'Create Backup', '::1', 'Mozilla/5.0 (Windows NT 10.0; Win64; x64) AppleWebKit/537.36 (KHTML, like Gecko) Chrome/148.0.0.0 Safari/537.36 Edg/148.0.0.0', '2026-05-21 08:18:06'),
(379, 4, 'Create Backup', '::1', 'Mozilla/5.0 (Windows NT 10.0; Win64; x64) AppleWebKit/537.36 (KHTML, like Gecko) Chrome/148.0.0.0 Safari/537.36 Edg/148.0.0.0', '2026-05-21 08:21:00'),
(380, 4, 'Create Backup', '::1', 'Mozilla/5.0 (Windows NT 10.0; Win64; x64) AppleWebKit/537.36 (KHTML, like Gecko) Chrome/148.0.0.0 Safari/537.36 Edg/148.0.0.0', '2026-05-21 08:21:26'),
(381, 4, 'Create Backup', '::1', 'Mozilla/5.0 (Windows NT 10.0; Win64; x64) AppleWebKit/537.36 (KHTML, like Gecko) Chrome/148.0.0.0 Safari/537.36 Edg/148.0.0.0', '2026-05-21 08:23:41'),
(382, 4, 'Create Backup', '::1', 'Mozilla/5.0 (Windows NT 10.0; Win64; x64) AppleWebKit/537.36 (KHTML, like Gecko) Chrome/148.0.0.0 Safari/537.36 Edg/148.0.0.0', '2026-05-21 09:02:52'),
(383, 7, 'register', NULL, NULL, '2026-06-21 12:23:32'),
(384, 7, 'login', NULL, NULL, '2026-06-21 12:23:51'),
(385, 7, 'create_submission', NULL, NULL, '2026-06-21 12:30:45'),
(386, 7, 'login', NULL, NULL, '2026-06-21 12:34:30'),
(387, 7, 'login', NULL, NULL, '2026-06-21 12:39:46'),
(388, 7, 'login', NULL, NULL, '2026-06-21 12:45:55'),
(389, 4, 'login', NULL, NULL, '2026-06-21 12:48:54'),
(390, 4, 'Update status ke Belum Lunas', NULL, NULL, '2026-06-21 12:51:24'),
(391, 7, 'login', NULL, NULL, '2026-06-21 12:53:32'),
(392, 7, 'login', NULL, NULL, '2026-06-21 13:07:20'),
(393, 4, 'login', NULL, NULL, '2026-06-21 13:17:38'),
(394, 4, 'Update Profile', '::1', 'Mozilla/5.0 (Windows NT 10.0; Win64; x64) AppleWebKit/537.36 (KHTML, like Gecko) Chrome/149.0.0.0 Safari/537.36 Edg/149.0.0.0', '2026-06-21 13:19:44'),
(395, 4, 'Create Backup', '::1', 'Mozilla/5.0 (Windows NT 10.0; Win64; x64) AppleWebKit/537.36 (KHTML, like Gecko) Chrome/149.0.0.0 Safari/537.36 Edg/149.0.0.0', '2026-06-21 13:19:58'),
(396, 4, 'Create Backup', '::1', 'Mozilla/5.0 (Windows NT 10.0; Win64; x64) AppleWebKit/537.36 (KHTML, like Gecko) Chrome/149.0.0.0 Safari/537.36 Edg/149.0.0.0', '2026-06-21 13:20:02'),
(397, 4, 'Create Backup', '::1', 'Mozilla/5.0 (Windows NT 10.0; Win64; x64) AppleWebKit/537.36 (KHTML, like Gecko) Chrome/149.0.0.0 Safari/537.36 Edg/149.0.0.0', '2026-06-21 13:20:14'),
(398, 4, 'Create Backup', '::1', 'Mozilla/5.0 (Windows NT 10.0; Win64; x64) AppleWebKit/537.36 (KHTML, like Gecko) Chrome/149.0.0.0 Safari/537.36 Edg/149.0.0.0', '2026-06-21 13:20:16'),
(399, 7, 'login', NULL, NULL, '2026-06-21 13:21:06'),
(400, 4, 'login', NULL, NULL, '2026-06-21 13:22:30'),
(401, 4, 'Verifikasi pembayaran SKRD #INV-2026-00010 sebesar Rp 4500000', NULL, NULL, '2026-06-21 13:23:09'),
(402, 4, 'Update status ke Selesai', NULL, NULL, '2026-06-21 13:24:07'),
(403, 4, 'Update status ke Selesai', NULL, NULL, '2026-06-21 13:24:12'),
(404, 4, 'Update status ke Selesai', NULL, NULL, '2026-06-21 13:24:15'),
(405, 7, 'login', NULL, NULL, '2026-06-21 13:24:41'),
(406, 4, 'login', NULL, NULL, '2026-06-21 13:32:11'),
(407, 7, 'login', NULL, NULL, '2026-06-21 13:33:53'),
(408, 4, 'login', NULL, NULL, '2026-06-21 13:39:55'),
(409, 4, 'Upload Laporan Submission #10', '::1', 'Mozilla/5.0 (Windows NT 10.0; Win64; x64) AppleWebKit/537.36 (KHTML, like Gecko) Chrome/149.0.0.0 Safari/537.36 Edg/149.0.0.0', '2026-06-21 13:40:47'),
(410, 4, 'Update status ke Selesai', NULL, NULL, '2026-06-21 13:40:55'),
(411, 7, 'login', NULL, NULL, '2026-06-21 13:41:18'),
(412, 4, 'login', NULL, NULL, '2026-06-21 13:43:38'),
(413, 7, 'login', NULL, NULL, '2026-06-21 13:45:35'),
(414, 7, 'create_submission', NULL, NULL, '2026-06-21 13:47:45'),
(415, 4, 'login', NULL, NULL, '2026-06-21 13:48:33'),
(416, 4, 'Upload Laporan Submission #11', '::1', 'Mozilla/5.0 (Windows NT 10.0; Win64; x64) AppleWebKit/537.36 (KHTML, like Gecko) Chrome/149.0.0.0 Safari/537.36 Edg/149.0.0.0', '2026-06-21 13:49:06'),
(417, 4, 'Update status ke Lunas', NULL, NULL, '2026-06-21 13:49:17'),
(418, 4, 'Verifikasi pembayaran SKRD #INV-2026-00011 sebesar Rp 450000', NULL, NULL, '2026-06-21 13:49:40'),
(419, 4, 'Update status ke Selesai', NULL, NULL, '2026-06-21 13:50:17'),
(420, 7, 'login', NULL, NULL, '2026-06-21 13:50:37'),
(421, 4, 'login', NULL, NULL, '2026-06-21 13:52:21'),
(422, 4, 'Update status ke Dibatalkan', NULL, NULL, '2026-06-21 13:52:33'),
(423, 4, 'Update status ke Dibatalkan', NULL, NULL, '2026-06-21 13:52:42'),
(424, 7, 'login', NULL, NULL, '2026-06-21 13:54:05'),
(425, 4, 'login', NULL, NULL, '2026-06-21 14:00:08'),
(426, 7, 'login', NULL, NULL, '2026-06-21 14:05:22'),
(427, 7, 'create_submission', NULL, NULL, '2026-06-21 14:06:03'),
(428, 4, 'login', NULL, NULL, '2026-06-21 14:07:49'),
(429, 4, 'login', NULL, NULL, '2026-06-21 14:23:40'),
(430, 4, 'Update status ke Selesai', NULL, NULL, '2026-06-21 14:23:51'),
(431, 7, 'login', NULL, NULL, '2026-06-21 14:24:46'),
(432, 7, 'create_submission', NULL, NULL, '2026-06-21 14:25:42'),
(433, 4, 'login', NULL, NULL, '2026-06-21 14:43:10'),
(434, 4, 'login', NULL, NULL, '2026-06-21 14:51:23'),
(435, 4, 'login', NULL, NULL, '2026-06-21 14:57:38'),
(436, 4, 'login', NULL, NULL, '2026-06-21 15:09:52'),
(437, 4, 'login', NULL, NULL, '2026-06-21 15:11:10'),
(438, 7, 'login', NULL, NULL, '2026-06-21 15:11:46'),
(439, 4, 'login', NULL, NULL, '2026-06-21 15:13:01'),
(440, 4, 'Verifikasi pembayaran SKRD #INV-2026-00013 sebesar Rp 780000', NULL, NULL, '2026-06-21 15:13:18'),
(441, 4, 'Upload Laporan Submission #13', '::1', 'Mozilla/5.0 (Windows NT 10.0; Win64; x64) AppleWebKit/537.36 (KHTML, like Gecko) Chrome/149.0.0.0 Safari/537.36 Edg/149.0.0.0', '2026-06-21 15:13:50'),
(442, 4, 'Update status ke Menunggu Verifikasi', NULL, NULL, '2026-06-21 15:13:53'),
(443, 4, 'Update status ke Selesai', NULL, NULL, '2026-06-21 15:14:02'),
(444, 7, 'login', NULL, NULL, '2026-06-21 15:14:46'),
(445, 4, 'login', NULL, NULL, '2026-06-21 15:15:56'),
(446, 7, 'login', NULL, NULL, '2026-06-21 15:40:49'),
(447, 4, 'login', NULL, NULL, '2026-06-21 15:41:14'),
(448, 7, 'login', NULL, NULL, '2026-06-21 15:41:47'),
(449, 4, 'login', NULL, NULL, '2026-06-21 15:42:29'),
(450, 4, 'Verifikasi pembayaran SKRD #INV-2026-00012 sebesar Rp 510000', NULL, NULL, '2026-06-21 15:42:49'),
(451, 4, 'Update status ke Lunas', NULL, NULL, '2026-06-21 15:43:03'),
(452, 4, 'Upload Laporan Submission #12', '::1', 'Mozilla/5.0 (Windows NT 10.0; Win64; x64) AppleWebKit/537.36 (KHTML, like Gecko) Chrome/149.0.0.0 Safari/537.36 Edg/149.0.0.0', '2026-06-21 15:43:25'),
(453, 4, 'Update status ke Selesai', NULL, NULL, '2026-06-21 15:43:34'),
(454, 7, 'login', NULL, NULL, '2026-06-21 15:44:06'),
(455, 4, 'login', NULL, NULL, '2026-06-21 15:45:30'),
(456, 4, 'login', NULL, NULL, '2026-06-21 15:57:10'),
(457, 4, 'login', NULL, NULL, '2026-06-21 16:28:08'),
(458, 4, 'login', NULL, NULL, '2026-06-21 16:38:45'),
(459, 4, 'login', NULL, NULL, '2026-06-21 16:39:37'),
(460, 4, 'login', NULL, NULL, '2026-06-21 16:45:05'),
(461, 4, 'login', NULL, NULL, '2026-06-21 16:56:33'),
(462, 7, 'login', NULL, NULL, '2026-06-21 17:01:05'),
(463, 7, 'create_submission', NULL, NULL, '2026-06-21 17:01:40'),
(464, 4, 'login', NULL, NULL, '2026-06-21 17:02:20'),
(465, 4, 'Verifikasi pembayaran SKRD #INV-2026-00014 sebesar Rp 170000', NULL, NULL, '2026-06-21 17:02:42'),
(466, 4, 'Update status ke Lunas', NULL, NULL, '2026-06-21 17:06:55'),
(467, 4, 'Upload Laporan Submission #14', '::1', 'Mozilla/5.0 (Windows NT 10.0; Win64; x64) AppleWebKit/537.36 (KHTML, like Gecko) Chrome/149.0.0.0 Safari/537.36 Edg/149.0.0.0', '2026-06-21 17:07:13'),
(468, 4, 'Update status ke Selesai', NULL, NULL, '2026-06-21 17:07:22'),
(469, 7, 'login', NULL, NULL, '2026-06-21 17:07:45'),
(470, 7, 'login', NULL, NULL, '2026-06-21 17:24:22'),
(471, 4, 'login', NULL, NULL, '2026-06-21 17:24:53'),
(472, 8, 'register', NULL, NULL, '2026-06-21 18:12:31'),
(473, 8, 'login', NULL, NULL, '2026-06-21 18:12:39'),
(474, 8, 'login', NULL, NULL, '2026-06-21 18:25:43'),
(475, 4, 'login', NULL, NULL, '2026-06-21 18:37:00'),
(476, 4, 'Upload Laporan Submission #14', '::1', 'Mozilla/5.0 (Windows NT 10.0; Win64; x64) AppleWebKit/537.36 (KHTML, like Gecko) Chrome/149.0.0.0 Safari/537.36', '2026-06-21 18:37:25'),
(477, 4, 'Update status ke Selesai', NULL, NULL, '2026-06-21 18:37:28'),
(478, 8, 'login', NULL, NULL, '2026-06-21 18:39:27'),
(479, 4, 'Verifikasi pembayaran SKRD #INV-2026-00009 sebesar Rp 150000', NULL, NULL, '2026-06-21 18:43:04'),
(480, 4, 'login', NULL, NULL, '2026-06-21 18:47:05'),
(481, 8, 'login', NULL, NULL, '2026-06-21 18:47:43'),
(482, 4, 'Update Profile', '::1', 'Mozilla/5.0 (Windows NT 10.0; Win64; x64) AppleWebKit/537.36 (KHTML, like Gecko) Chrome/149.0.0.0 Safari/537.36', '2026-06-21 18:53:20'),
(483, 4, 'Update Profile', '::1', 'Mozilla/5.0 (Windows NT 10.0; Win64; x64) AppleWebKit/537.36 (KHTML, like Gecko) Chrome/149.0.0.0 Safari/537.36', '2026-06-21 18:53:32'),
(484, 4, 'login', NULL, NULL, '2026-06-21 18:57:13'),
(485, 4, 'Update Profile', '::1', 'Mozilla/5.0 (Windows NT 10.0; Win64; x64) AppleWebKit/537.36 (KHTML, like Gecko) Chrome/149.0.0.0 Safari/537.36', '2026-06-21 18:57:22'),
(486, 8, 'login', NULL, NULL, '2026-06-21 18:57:59'),
(487, 8, 'login', NULL, NULL, '2026-06-21 19:11:08'),
(488, 8, 'login', NULL, NULL, '2026-06-21 19:21:32'),
(489, 8, 'login', NULL, NULL, '2026-06-21 19:21:46'),
(490, 8, 'login', NULL, NULL, '2026-06-21 19:22:09'),
(491, 8, 'login', NULL, NULL, '2026-06-21 19:22:22'),
(492, 8, 'login', NULL, NULL, '2026-06-21 19:22:42'),
(493, 8, 'login', NULL, NULL, '2026-06-21 19:23:12'),
(494, 8, 'login', NULL, NULL, '2026-06-21 19:24:45'),
(495, 8, 'login', NULL, NULL, '2026-06-21 19:27:09'),
(496, 8, 'login', NULL, NULL, '2026-06-21 19:27:50'),
(497, 8, 'login', NULL, NULL, '2026-06-21 19:28:37'),
(498, 8, 'login', NULL, NULL, '2026-06-21 19:30:18'),
(499, 8, 'login', NULL, NULL, '2026-06-21 19:30:50'),
(500, 8, 'login', NULL, NULL, '2026-06-21 19:31:59'),
(501, 8, 'login', NULL, NULL, '2026-06-21 19:34:46'),
(502, 4, 'login', NULL, NULL, '2026-06-21 19:38:58'),
(503, 8, 'create_submission', NULL, NULL, '2026-06-21 19:42:43'),
(504, 8, 'login', NULL, NULL, '2026-06-21 19:43:02'),
(505, 8, 'create_submission', NULL, NULL, '2026-06-21 19:43:03'),
(506, 8, 'login', NULL, NULL, '2026-06-21 19:43:42'),
(507, 8, 'login', NULL, NULL, '2026-06-21 19:47:35'),
(508, 8, 'create_submission', NULL, NULL, '2026-06-21 19:49:10'),
(509, 8, 'login', NULL, NULL, '2026-06-21 19:53:26'),
(510, 8, 'login', NULL, NULL, '2026-06-21 19:59:12'),
(511, 4, 'login', NULL, NULL, '2026-06-21 20:00:40'),
(512, 4, 'Update Profile', '::1', 'Mozilla/5.0 (Windows NT 10.0; Win64; x64) AppleWebKit/537.36 (KHTML, like Gecko) Chrome/149.0.0.0 Safari/537.36', '2026-06-21 20:01:44'),
(513, 4, 'Update Profile', '::1', 'Mozilla/5.0 (Windows NT 10.0; Win64; x64) AppleWebKit/537.36 (KHTML, like Gecko) Chrome/149.0.0.0 Safari/537.36', '2026-06-21 20:03:33'),
(514, 4, 'Update Profile', '::1', 'Mozilla/5.0 (Windows NT 10.0; Win64; x64) AppleWebKit/537.36 (KHTML, like Gecko) Chrome/149.0.0.0 Safari/537.36', '2026-06-21 20:05:20'),
(515, 4, 'login', NULL, NULL, '2026-06-21 20:05:39'),
(516, 4, 'Pengingat pembayaran dikirim untuk invoice INV-2026-00017 ke ristyevaa68@gmail.com', NULL, NULL, '2026-06-21 20:07:07'),
(517, 8, 'login', NULL, NULL, '2026-06-21 20:07:31'),
(518, 4, 'login', NULL, NULL, '2026-06-21 20:10:08'),
(519, 4, 'login', NULL, NULL, '2026-06-22 00:13:39'),
(520, 4, 'Update Profile', '::1', 'Mozilla/5.0 (Windows NT 10.0; Win64; x64) AppleWebKit/537.36 (KHTML, like Gecko) Chrome/149.0.0.0 Safari/537.36', '2026-06-22 00:13:46'),
(521, 8, 'login', NULL, NULL, '2026-06-22 00:15:58'),
(522, 8, 'login', NULL, NULL, '2026-06-22 00:32:56'),
(523, 4, 'login', NULL, NULL, '2026-06-22 00:33:01'),
(524, 4, 'login', NULL, NULL, '2026-06-22 00:44:12'),
(525, 4, 'login', NULL, NULL, '2026-06-22 00:46:24'),
(526, 4, 'login', NULL, NULL, '2026-06-22 00:50:14'),
(527, 4, 'login', NULL, NULL, '2026-06-22 00:55:01'),
(528, 4, 'Update status ke Pengecekan Sampel', NULL, NULL, '2026-06-22 01:01:19'),
(529, 4, 'Update status ke Belum Bayar', NULL, NULL, '2026-06-22 01:02:03'),
(530, 8, 'login', NULL, NULL, '2026-06-22 01:03:49'),
(531, 4, 'login', NULL, NULL, '2026-06-22 01:18:12'),
(532, 4, 'login', NULL, NULL, '2026-06-22 03:13:27'),
(533, 8, 'login', NULL, NULL, '2026-06-22 03:14:25'),
(534, 4, 'login', NULL, NULL, '2026-06-22 03:15:19'),
(535, 4, 'login', NULL, NULL, '2026-06-22 03:37:58'),
(536, 4, 'Pengingat pembayaran dikirim untuk invoice INV-2026-00017 ke ristyevaa68@gmail.com', NULL, NULL, '2026-06-22 03:43:12'),
(537, 4, 'login', NULL, NULL, '2026-06-22 03:46:32'),
(538, 4, 'login', NULL, NULL, '2026-06-22 03:48:56'),
(539, 4, 'login', NULL, NULL, '2026-06-22 03:58:24'),
(540, 4, 'login', NULL, NULL, '2026-06-22 04:05:19'),
(541, 4, 'login', NULL, NULL, '2026-06-22 04:08:01'),
(542, 4, 'login', NULL, NULL, '2026-06-22 04:15:41'),
(543, 4, 'login', NULL, NULL, '2026-06-22 04:19:19'),
(544, 4, 'login', NULL, NULL, '2026-06-22 04:23:26'),
(545, 4, 'login', NULL, NULL, '2026-06-22 04:33:55'),
(546, 4, 'login', NULL, NULL, '2026-06-22 04:37:53'),
(547, 4, 'login', NULL, NULL, '2026-06-22 04:42:46'),
(548, 4, 'login', NULL, NULL, '2026-06-22 04:59:48'),
(549, 4, 'login', NULL, NULL, '2026-06-22 05:03:02'),
(550, 4, 'login', NULL, NULL, '2026-06-22 05:11:40'),
(551, 4, 'login', NULL, NULL, '2026-06-22 05:11:56'),
(552, 4, 'login', NULL, NULL, '2026-06-22 07:07:12'),
(553, 8, 'login', NULL, NULL, '2026-06-22 07:07:34'),
(554, 4, 'login', NULL, NULL, '2026-06-22 07:10:25'),
(555, 8, 'login', NULL, NULL, '2026-06-22 07:29:18'),
(556, 4, 'login', NULL, NULL, '2026-06-22 11:20:34'),
(557, 4, 'Verifikasi pembayaran SKRD #INV-2026-00017 sebesar Rp 5000000', NULL, NULL, '2026-06-22 11:21:35'),
(558, 4, 'Update status ke Belum Lunas', NULL, NULL, '2026-06-22 11:23:28'),
(559, 4, 'Update status ke Belum Lunas', NULL, NULL, '2026-06-22 11:23:36'),
(560, 4, 'Update status ke Belum Lunas', NULL, NULL, '2026-06-22 11:23:37'),
(561, 4, 'Update status ke Menunggu Verifikasi', NULL, NULL, '2026-06-22 11:23:37'),
(562, 4, 'Update status ke Menunggu Verifikasi', NULL, NULL, '2026-06-22 11:23:37'),
(563, 4, 'Update status ke Belum Lunas', NULL, NULL, '2026-06-22 11:24:30'),
(564, 4, 'Update status ke Sedang Diuji', NULL, NULL, '2026-06-22 11:25:11'),
(565, 8, 'login', NULL, NULL, '2026-06-22 11:26:35'),
(566, 4, 'Pengingat pembayaran dikirim untuk invoice INV-2026-00017 ke ristyevaa68@gmail.com', NULL, NULL, '2026-06-22 11:27:25'),
(567, 4, 'login', NULL, NULL, '2026-06-22 11:32:05'),
(568, 4, 'Verifikasi pembayaran SKRD #INV-2026-00017 sebesar Rp 7500000', NULL, NULL, '2026-06-22 11:32:55'),
(569, 4, 'login', NULL, NULL, '2026-06-22 11:37:58'),
(570, 4, 'login', NULL, NULL, '2026-06-22 11:41:17'),
(571, 4, 'login', NULL, NULL, '2026-06-22 11:45:08'),
(572, 4, 'login', NULL, NULL, '2026-06-22 11:45:32'),
(573, 4, 'Upload Laporan Submission #17', '::1', 'Mozilla/5.0 (Windows NT 10.0; Win64; x64) AppleWebKit/537.36 (KHTML, like Gecko) Chrome/149.0.0.0 Safari/537.36', '2026-06-22 11:48:23'),
(574, 4, 'login', NULL, NULL, '2026-06-22 11:50:11'),
(575, 4, 'login', NULL, NULL, '2026-06-22 11:51:51'),
(576, 4, 'login', NULL, NULL, '2026-06-22 11:54:31'),
(577, 4, 'login', NULL, NULL, '2026-06-22 11:59:52'),
(578, 4, 'login', NULL, NULL, '2026-06-22 12:06:11'),
(579, 4, 'Update status ke Selesai', NULL, NULL, '2026-06-22 12:08:21'),
(580, 4, 'login', NULL, NULL, '2026-06-22 12:17:12'),
(581, 4, 'login', NULL, NULL, '2026-06-22 12:22:30'),
(582, 4, 'Hapus Laporan Submission #17', '::1', 'Mozilla/5.0 (Windows NT 10.0; Win64; x64) AppleWebKit/537.36 (KHTML, like Gecko) Chrome/149.0.0.0 Safari/537.36', '2026-06-22 12:22:40'),
(583, 4, 'Upload Laporan Submission #17', '::1', 'Mozilla/5.0 (Windows NT 10.0; Win64; x64) AppleWebKit/537.36 (KHTML, like Gecko) Chrome/149.0.0.0 Safari/537.36', '2026-06-22 12:23:01'),
(584, 4, 'Update status ke Selesai', NULL, NULL, '2026-06-22 12:23:05'),
(585, 4, 'login', NULL, NULL, '2026-06-22 12:28:19'),
(586, 4, 'login', NULL, NULL, '2026-06-22 12:33:42'),
(587, 4, 'login', NULL, NULL, '2026-06-22 12:37:48'),
(588, 4, 'Pengingat pembayaran dikirim untuk invoice INV-2026-00016 ke ristyevaa68@gmail.com', NULL, NULL, '2026-06-22 12:38:54'),
(589, 8, 'login', NULL, NULL, '2026-06-22 12:39:32'),
(590, 4, 'login', NULL, NULL, '2026-06-22 13:03:54'),
(591, 4, 'login', NULL, NULL, '2026-06-22 13:04:23'),
(592, 8, 'login', NULL, NULL, '2026-06-22 13:09:55'),
(593, 4, 'login', NULL, NULL, '2026-06-22 13:10:01'),
(594, 4, 'login', NULL, NULL, '2026-06-22 13:11:07'),
(595, 4, 'login', NULL, NULL, '2026-06-22 13:25:09'),
(596, 4, 'Update Profile', '::1', 'Mozilla/5.0 (Windows NT 10.0; Win64; x64) AppleWebKit/537.36 (KHTML, like Gecko) Chrome/149.0.0.0 Safari/537.36', '2026-06-22 13:25:27'),
(597, 4, 'login', NULL, NULL, '2026-06-22 13:30:55'),
(598, 8, 'login', NULL, NULL, '2026-06-22 13:33:31'),
(599, 4, 'Hapus Laporan Submission #17', '::1', 'Mozilla/5.0 (Windows NT 10.0; Win64; x64) AppleWebKit/537.36 (KHTML, like Gecko) Chrome/149.0.0.0 Safari/537.36', '2026-06-22 13:37:05'),
(600, 4, 'Upload Laporan Submission #17', '::1', 'Mozilla/5.0 (Windows NT 10.0; Win64; x64) AppleWebKit/537.36 (KHTML, like Gecko) Chrome/149.0.0.0 Safari/537.36', '2026-06-22 13:37:41'),
(601, 4, 'Hapus Laporan Submission #17', '::1', 'Mozilla/5.0 (Windows NT 10.0; Win64; x64) AppleWebKit/537.36 (KHTML, like Gecko) Chrome/149.0.0.0 Safari/537.36', '2026-06-22 13:41:56'),
(602, 4, 'Upload Laporan Submission #17', '::1', 'Mozilla/5.0 (Windows NT 10.0; Win64; x64) AppleWebKit/537.36 (KHTML, like Gecko) Chrome/149.0.0.0 Safari/537.36', '2026-06-22 13:42:10'),
(603, 8, 'login', NULL, NULL, '2026-06-22 13:53:20'),
(604, 8, 'login', NULL, NULL, '2026-06-22 13:57:29'),
(605, 4, 'login', NULL, NULL, '2026-06-22 13:58:55'),
(606, 8, 'login', NULL, NULL, '2026-06-22 14:04:18'),
(607, 8, 'login', NULL, NULL, '2026-06-22 14:06:15'),
(608, 4, 'login', NULL, NULL, '2026-06-22 14:07:30'),
(609, 8, 'login', NULL, NULL, '2026-06-22 14:08:22'),
(610, 8, 'login', NULL, NULL, '2026-06-22 14:08:52'),
(611, 8, 'login', NULL, NULL, '2026-06-22 14:13:34'),
(612, 8, 'login', NULL, NULL, '2026-06-22 14:15:02'),
(613, 8, 'login', NULL, NULL, '2026-06-22 14:15:28'),
(614, 8, 'login', NULL, NULL, '2026-06-22 14:16:54'),
(615, 8, 'login', NULL, NULL, '2026-06-22 14:17:43'),
(616, 8, 'login', NULL, NULL, '2026-06-22 14:19:02'),
(617, 8, 'login', NULL, NULL, '2026-06-22 14:20:42'),
(618, 4, 'login', NULL, NULL, '2026-06-22 14:23:08'),
(619, 4, 'login', NULL, NULL, '2026-06-22 14:28:55'),
(620, 4, 'login', NULL, NULL, '2026-06-22 14:37:29'),
(621, 8, 'login', NULL, NULL, '2026-06-22 14:44:27'),
(622, 4, 'login', NULL, NULL, '2026-06-22 14:45:45'),
(623, 7, 'login', NULL, NULL, '2026-06-23 01:00:47'),
(624, 7, 'create_submission', NULL, NULL, '2026-06-23 01:01:14'),
(625, 4, 'login', NULL, NULL, '2026-06-23 01:01:39'),
(626, 7, 'login', NULL, NULL, '2026-06-23 01:02:11'),
(627, 4, 'login', NULL, NULL, '2026-06-23 01:02:51'),
(628, 4, 'Verifikasi pembayaran SKRD #INV-2026-00018 sebesar Rp 700000', NULL, NULL, '2026-06-23 01:03:09'),
(629, 7, 'login', NULL, NULL, '2026-06-23 01:03:37'),
(630, 4, 'login', NULL, NULL, '2026-06-23 01:04:33'),
(631, 4, 'Verifikasi pembayaran SKRD #INV-2026-00018 sebesar Rp 50000', NULL, NULL, '2026-06-23 01:04:49'),
(632, 4, 'Update status ke Lunas', NULL, NULL, '2026-06-23 01:05:05'),
(633, 4, 'Upload Laporan Submission #18', '::1', 'Mozilla/5.0 (Windows NT 10.0; Win64; x64) AppleWebKit/537.36 (KHTML, like Gecko) Chrome/149.0.0.0 Safari/537.36 Edg/149.0.0.0', '2026-06-23 01:05:36'),
(634, 4, 'Update Profile', '::1', 'Mozilla/5.0 (Windows NT 10.0; Win64; x64) AppleWebKit/537.36 (KHTML, like Gecko) Chrome/149.0.0.0 Safari/537.36 Edg/149.0.0.0', '2026-06-23 01:06:15'),
(635, 4, 'Create Backup', '::1', 'Mozilla/5.0 (Windows NT 10.0; Win64; x64) AppleWebKit/537.36 (KHTML, like Gecko) Chrome/149.0.0.0 Safari/537.36 Edg/149.0.0.0', '2026-06-23 01:06:29'),
(636, 7, 'login', NULL, NULL, '2026-06-23 01:06:56'),
(637, 7, 'login', NULL, NULL, '2026-06-23 01:12:02'),
(638, 7, 'login', NULL, NULL, '2026-06-23 01:22:33'),
(639, 4, 'login', NULL, NULL, '2026-06-23 01:23:02'),
(640, 4, 'login', NULL, NULL, '2026-06-23 01:27:30'),
(641, 9, 'register', NULL, NULL, '2026-06-23 02:26:22'),
(642, 9, 'login', NULL, NULL, '2026-06-23 02:26:35'),
(643, 9, 'create_submission', NULL, NULL, '2026-06-23 02:31:21'),
(644, 4, 'login', NULL, NULL, '2026-06-23 02:33:28'),
(645, 4, 'Update status ke Pengecekan Sampel', NULL, NULL, '2026-06-23 02:34:28'),
(646, 4, 'Update Profile', '::1', 'Mozilla/5.0 (Windows NT 10.0; Win64; x64) AppleWebKit/537.36 (KHTML, like Gecko) Chrome/149.0.0.0 Safari/537.36 Edg/149.0.0.0', '2026-06-23 02:53:56'),
(647, 4, 'Update Profile', '::1', 'Mozilla/5.0 (Windows NT 10.0; Win64; x64) AppleWebKit/537.36 (KHTML, like Gecko) Chrome/149.0.0.0 Safari/537.36 Edg/149.0.0.0', '2026-06-23 02:54:00'),
(648, 4, 'Add Busy Period', '::1', 'Mozilla/5.0 (Windows NT 10.0; Win64; x64) AppleWebKit/537.36 (KHTML, like Gecko) Chrome/149.0.0.0 Safari/537.36 Edg/149.0.0.0', '2026-06-23 02:56:16'),
(649, 4, 'Create Backup', '::1', 'Mozilla/5.0 (Windows NT 10.0; Win64; x64) AppleWebKit/537.36 (KHTML, like Gecko) Chrome/149.0.0.0 Safari/537.36 Edg/149.0.0.0', '2026-06-23 03:01:24'),
(650, 9, 'login', NULL, NULL, '2026-06-23 03:04:11'),
(651, 4, 'login', NULL, NULL, '2026-06-23 03:05:35'),
(652, 4, 'Verifikasi pembayaran SKRD #INV-2026-00019 sebesar Rp 900000', NULL, NULL, '2026-06-23 03:06:23'),
(653, 4, 'Update status ke Lunas', NULL, NULL, '2026-06-23 03:06:57'),
(654, 4, 'Upload Laporan Submission #19', '::1', 'Mozilla/5.0 (Windows NT 10.0; Win64; x64) AppleWebKit/537.36 (KHTML, like Gecko) Chrome/149.0.0.0 Safari/537.36 Edg/149.0.0.0', '2026-06-23 03:08:18'),
(655, 9, 'login', NULL, NULL, '2026-06-23 03:10:05'),
(656, 4, 'login', NULL, NULL, '2026-06-23 03:14:18'),
(657, 7, 'login', NULL, NULL, '2026-06-24 07:59:53'),
(658, 7, 'login', NULL, NULL, '2026-06-24 08:25:51'),
(659, 7, 'login', NULL, NULL, '2026-06-24 08:32:57'),
(660, 7, 'login', NULL, NULL, '2026-06-24 08:37:54'),
(661, 7, 'login', NULL, NULL, '2026-06-24 08:44:41'),
(662, 7, 'create_submission', NULL, NULL, '2026-06-24 08:45:32'),
(663, 7, 'login', NULL, NULL, '2026-06-24 09:25:16'),
(664, 7, 'login', NULL, NULL, '2026-06-24 09:27:38'),
(665, 7, 'login', NULL, NULL, '2026-06-24 09:28:24'),
(666, 7, 'login', NULL, NULL, '2026-06-24 09:29:12'),
(667, 7, 'create_submission', NULL, NULL, '2026-06-24 09:29:47'),
(668, 7, 'create_submission', NULL, NULL, '2026-06-24 09:30:28'),
(669, 7, 'create_submission', NULL, NULL, '2026-06-24 09:31:21'),
(670, 7, 'create_submission', NULL, NULL, '2026-06-24 09:32:04'),
(671, 7, 'login', NULL, NULL, '2026-06-24 09:42:38'),
(672, 7, 'login', NULL, NULL, '2026-06-24 09:46:39'),
(673, 7, 'login', NULL, NULL, '2026-06-24 09:48:56'),
(674, 7, 'login', NULL, NULL, '2026-06-24 09:53:31'),
(675, 7, 'create_submission', NULL, NULL, '2026-06-24 09:54:20'),
(676, 7, 'login', NULL, NULL, '2026-06-24 09:58:53'),
(677, 7, 'create_submission', NULL, NULL, '2026-06-24 09:59:41'),
(678, 7, 'login', NULL, NULL, '2026-06-24 10:05:30'),
(679, 7, 'login', NULL, NULL, '2026-06-24 10:27:17'),
(680, 7, 'login', NULL, NULL, '2026-06-25 07:19:46'),
(681, 7, 'login', NULL, NULL, '2026-06-25 07:56:00'),
(682, 7, 'login', NULL, NULL, '2026-06-25 08:23:17'),
(683, 7, 'login', NULL, NULL, '2026-06-25 08:29:07'),
(684, 4, 'login', NULL, NULL, '2026-06-26 19:01:40'),
(685, 4, 'Verifikasi pembayaran SKRD #INV-2026-00026 sebesar Rp 170000', NULL, NULL, '2026-06-27 02:46:26'),
(686, 4, 'Update status ke Lunas', NULL, NULL, '2026-06-27 02:46:49'),
(687, 7, 'login', NULL, NULL, '2026-06-27 06:11:45'),
(688, 7, 'login', NULL, NULL, '2026-06-27 06:29:42'),
(689, 4, 'login', NULL, NULL, '2026-06-27 06:35:11'),
(690, 7, 'login', NULL, NULL, '2026-06-27 06:49:15'),
(691, 10, 'register', NULL, NULL, '2026-06-28 01:58:06'),
(692, 10, 'login', NULL, NULL, '2026-06-28 01:58:14'),
(693, 10, 'login', NULL, NULL, '2026-06-28 02:10:49'),
(694, 10, 'create_submission', NULL, NULL, '2026-06-28 02:11:52'),
(695, 10, 'login', NULL, NULL, '2026-06-28 02:14:38'),
(696, 4, 'login', NULL, NULL, '2026-06-28 02:15:33'),
(697, 4, 'Update status ke Menunggu SKRD Upload', NULL, NULL, '2026-06-28 02:19:08'),
(698, 4, 'Pengingat pembayaran dikirim untuk invoice INV-2026-00027 ke Milan08@gmail.com', NULL, NULL, '2026-06-28 02:19:38'),
(699, 4, 'Update Profile', '::1', 'Mozilla/5.0 (Windows NT 10.0; Win64; x64) AppleWebKit/537.36 (KHTML, like Gecko) Chrome/149.0.0.0 Safari/537.36 Edg/149.0.0.0', '2026-06-28 02:21:11'),
(700, 4, 'Update Profile', '::1', 'Mozilla/5.0 (Windows NT 10.0; Win64; x64) AppleWebKit/537.36 (KHTML, like Gecko) Chrome/149.0.0.0 Safari/537.36 Edg/149.0.0.0', '2026-06-28 02:21:29'),
(701, 4, 'Update Profile', '::1', 'Mozilla/5.0 (Windows NT 10.0; Win64; x64) AppleWebKit/537.36 (KHTML, like Gecko) Chrome/149.0.0.0 Safari/537.36 Edg/149.0.0.0', '2026-06-28 02:21:31'),
(702, 4, 'Update Profile', '::1', 'Mozilla/5.0 (Windows NT 10.0; Win64; x64) AppleWebKit/537.36 (KHTML, like Gecko) Chrome/149.0.0.0 Safari/537.36 Edg/149.0.0.0', '2026-06-28 02:21:32'),
(703, 4, 'Update Profile', '::1', 'Mozilla/5.0 (Windows NT 10.0; Win64; x64) AppleWebKit/537.36 (KHTML, like Gecko) Chrome/149.0.0.0 Safari/537.36 Edg/149.0.0.0', '2026-06-28 02:21:32'),
(704, 4, 'Update Profile', '::1', 'Mozilla/5.0 (Windows NT 10.0; Win64; x64) AppleWebKit/537.36 (KHTML, like Gecko) Chrome/149.0.0.0 Safari/537.36 Edg/149.0.0.0', '2026-06-28 02:21:32'),
(705, 4, 'Update Profile', '::1', 'Mozilla/5.0 (Windows NT 10.0; Win64; x64) AppleWebKit/537.36 (KHTML, like Gecko) Chrome/149.0.0.0 Safari/537.36 Edg/149.0.0.0', '2026-06-28 02:21:32'),
(706, 4, 'Update Profile', '::1', 'Mozilla/5.0 (Windows NT 10.0; Win64; x64) AppleWebKit/537.36 (KHTML, like Gecko) Chrome/149.0.0.0 Safari/537.36 Edg/149.0.0.0', '2026-06-28 02:21:33'),
(707, 4, 'Update Profile', '::1', 'Mozilla/5.0 (Windows NT 10.0; Win64; x64) AppleWebKit/537.36 (KHTML, like Gecko) Chrome/149.0.0.0 Safari/537.36 Edg/149.0.0.0', '2026-06-28 02:21:33'),
(708, 4, 'Update Profile', '::1', 'Mozilla/5.0 (Windows NT 10.0; Win64; x64) AppleWebKit/537.36 (KHTML, like Gecko) Chrome/149.0.0.0 Safari/537.36 Edg/149.0.0.0', '2026-06-28 02:21:33');
INSERT INTO `activities` (`id`, `user_id`, `activity_name`, `ip_address`, `user_agent`, `created_at`) VALUES
(709, 4, 'Update Profile', '::1', 'Mozilla/5.0 (Windows NT 10.0; Win64; x64) AppleWebKit/537.36 (KHTML, like Gecko) Chrome/149.0.0.0 Safari/537.36 Edg/149.0.0.0', '2026-06-28 02:21:33'),
(710, 4, 'Update Profile', '::1', 'Mozilla/5.0 (Windows NT 10.0; Win64; x64) AppleWebKit/537.36 (KHTML, like Gecko) Chrome/149.0.0.0 Safari/537.36 Edg/149.0.0.0', '2026-06-28 02:21:33'),
(711, 4, 'Update Profile', '::1', 'Mozilla/5.0 (Windows NT 10.0; Win64; x64) AppleWebKit/537.36 (KHTML, like Gecko) Chrome/149.0.0.0 Safari/537.36 Edg/149.0.0.0', '2026-06-28 02:21:34'),
(712, 4, 'Update Profile', '::1', 'Mozilla/5.0 (Windows NT 10.0; Win64; x64) AppleWebKit/537.36 (KHTML, like Gecko) Chrome/149.0.0.0 Safari/537.36 Edg/149.0.0.0', '2026-06-28 02:21:34'),
(713, 4, 'Update Profile', '::1', 'Mozilla/5.0 (Windows NT 10.0; Win64; x64) AppleWebKit/537.36 (KHTML, like Gecko) Chrome/149.0.0.0 Safari/537.36 Edg/149.0.0.0', '2026-06-28 02:21:44'),
(714, 4, 'Update System Config', '::1', 'Mozilla/5.0 (Windows NT 10.0; Win64; x64) AppleWebKit/537.36 (KHTML, like Gecko) Chrome/149.0.0.0 Safari/537.36 Edg/149.0.0.0', '2026-06-28 02:22:45'),
(715, 4, 'Update System Config', '::1', 'Mozilla/5.0 (Windows NT 10.0; Win64; x64) AppleWebKit/537.36 (KHTML, like Gecko) Chrome/149.0.0.0 Safari/537.36 Edg/149.0.0.0', '2026-06-28 02:22:47'),
(716, 4, 'Update System Config', '::1', 'Mozilla/5.0 (Windows NT 10.0; Win64; x64) AppleWebKit/537.36 (KHTML, like Gecko) Chrome/149.0.0.0 Safari/537.36 Edg/149.0.0.0', '2026-06-28 02:22:53'),
(717, 4, 'Update System Config', '::1', 'Mozilla/5.0 (Windows NT 10.0; Win64; x64) AppleWebKit/537.36 (KHTML, like Gecko) Chrome/149.0.0.0 Safari/537.36 Edg/149.0.0.0', '2026-06-28 02:22:54'),
(718, 4, 'Update System Config', '::1', 'Mozilla/5.0 (Windows NT 10.0; Win64; x64) AppleWebKit/537.36 (KHTML, like Gecko) Chrome/149.0.0.0 Safari/537.36 Edg/149.0.0.0', '2026-06-28 02:23:01'),
(719, 12, 'login', NULL, NULL, '2026-06-28 04:29:25'),
(720, 12, 'Update System Config', '::1', 'Mozilla/5.0 (Windows NT 10.0; Win64; x64) AppleWebKit/537.36 (KHTML, like Gecko) Chrome/149.0.0.0 Safari/537.36 Edg/149.0.0.0', '2026-06-28 04:30:29'),
(721, 12, 'Update System Config', '::1', 'Mozilla/5.0 (Windows NT 10.0; Win64; x64) AppleWebKit/537.36 (KHTML, like Gecko) Chrome/149.0.0.0 Safari/537.36 Edg/149.0.0.0', '2026-06-28 04:30:35'),
(722, 12, 'Update System Config', '::1', 'Mozilla/5.0 (Windows NT 10.0; Win64; x64) AppleWebKit/537.36 (KHTML, like Gecko) Chrome/149.0.0.0 Safari/537.36 Edg/149.0.0.0', '2026-06-28 04:30:36'),
(723, 12, 'Update System Config', '::1', 'Mozilla/5.0 (Windows NT 10.0; Win64; x64) AppleWebKit/537.36 (KHTML, like Gecko) Chrome/149.0.0.0 Safari/537.36 Edg/149.0.0.0', '2026-06-28 04:30:36'),
(724, 12, 'Update System Config', '::1', 'Mozilla/5.0 (Windows NT 10.0; Win64; x64) AppleWebKit/537.36 (KHTML, like Gecko) Chrome/149.0.0.0 Safari/537.36 Edg/149.0.0.0', '2026-06-28 04:30:37'),
(725, 12, 'Update Busy Mode', '::1', 'Mozilla/5.0 (Windows NT 10.0; Win64; x64) AppleWebKit/537.36 (KHTML, like Gecko) Chrome/149.0.0.0 Safari/537.36 Edg/149.0.0.0', '2026-06-28 04:30:47'),
(726, 12, 'Delete Busy Period', '::1', 'Mozilla/5.0 (Windows NT 10.0; Win64; x64) AppleWebKit/537.36 (KHTML, like Gecko) Chrome/149.0.0.0 Safari/537.36 Edg/149.0.0.0', '2026-06-28 04:30:59'),
(727, 12, 'Add Busy Period', '::1', 'Mozilla/5.0 (Windows NT 10.0; Win64; x64) AppleWebKit/537.36 (KHTML, like Gecko) Chrome/149.0.0.0 Safari/537.36 Edg/149.0.0.0', '2026-06-28 04:31:10'),
(728, 12, 'Update Busy Mode', '::1', 'Mozilla/5.0 (Windows NT 10.0; Win64; x64) AppleWebKit/537.36 (KHTML, like Gecko) Chrome/149.0.0.0 Safari/537.36 Edg/149.0.0.0', '2026-06-28 04:31:11'),
(729, 12, 'Update Busy Mode', '::1', 'Mozilla/5.0 (Windows NT 10.0; Win64; x64) AppleWebKit/537.36 (KHTML, like Gecko) Chrome/149.0.0.0 Safari/537.36 Edg/149.0.0.0', '2026-06-28 04:31:13'),
(730, 12, 'Update Busy Mode', '::1', 'Mozilla/5.0 (Windows NT 10.0; Win64; x64) AppleWebKit/537.36 (KHTML, like Gecko) Chrome/149.0.0.0 Safari/537.36 Edg/149.0.0.0', '2026-06-28 04:31:13'),
(731, 10, 'login', NULL, NULL, '2026-06-28 04:32:02'),
(732, 12, 'login', NULL, NULL, '2026-06-28 04:32:33'),
(733, 12, 'Update System Config', '::1', 'Mozilla/5.0 (Windows NT 10.0; Win64; x64) AppleWebKit/537.36 (KHTML, like Gecko) Chrome/149.0.0.0 Safari/537.36 Edg/149.0.0.0', '2026-06-28 04:32:45'),
(734, 10, 'login', NULL, NULL, '2026-06-28 04:33:05'),
(735, 12, 'login', NULL, NULL, '2026-06-28 04:34:09'),
(736, 12, 'Update System Config', '::1', 'Mozilla/5.0 (Windows NT 10.0; Win64; x64) AppleWebKit/537.36 (KHTML, like Gecko) Chrome/149.0.0.0 Safari/537.36 Edg/149.0.0.0', '2026-06-28 04:34:24'),
(737, 12, 'Update System Config', '::1', 'Mozilla/5.0 (Windows NT 10.0; Win64; x64) AppleWebKit/537.36 (KHTML, like Gecko) Chrome/149.0.0.0 Safari/537.36 Edg/149.0.0.0', '2026-06-28 04:35:01'),
(738, 12, 'Update System Config', '::1', 'Mozilla/5.0 (Windows NT 10.0; Win64; x64) AppleWebKit/537.36 (KHTML, like Gecko) Chrome/149.0.0.0 Safari/537.36 Edg/149.0.0.0', '2026-06-28 04:35:09'),
(739, 10, 'login', NULL, NULL, '2026-06-28 05:48:39'),
(740, 12, 'login', NULL, NULL, '2026-06-28 05:49:21'),
(741, 12, 'Update System Config', '::1', 'Mozilla/5.0 (Windows NT 10.0; Win64; x64) AppleWebKit/537.36 (KHTML, like Gecko) Chrome/149.0.0.0 Safari/537.36 Edg/149.0.0.0', '2026-06-28 05:49:42'),
(742, 12, 'Update System Config', '::1', 'Mozilla/5.0 (Windows NT 10.0; Win64; x64) AppleWebKit/537.36 (KHTML, like Gecko) Chrome/149.0.0.0 Safari/537.36 Edg/149.0.0.0', '2026-06-28 05:49:43'),
(743, 12, 'Update System Config', '::1', 'Mozilla/5.0 (Windows NT 10.0; Win64; x64) AppleWebKit/537.36 (KHTML, like Gecko) Chrome/149.0.0.0 Safari/537.36 Edg/149.0.0.0', '2026-06-28 05:49:43'),
(744, 12, 'login', NULL, NULL, '2026-06-28 06:00:34'),
(745, 12, 'login', NULL, NULL, '2026-06-28 06:03:02'),
(746, 12, 'Update System Config', '::1', 'Mozilla/5.0 (Windows NT 10.0; Win64; x64) AppleWebKit/537.36 (KHTML, like Gecko) Chrome/149.0.0.0 Safari/537.36 Edg/149.0.0.0', '2026-06-28 06:04:32'),
(747, 12, 'Update System Config', '::1', 'Mozilla/5.0 (Windows NT 10.0; Win64; x64) AppleWebKit/537.36 (KHTML, like Gecko) Chrome/149.0.0.0 Safari/537.36 Edg/149.0.0.0', '2026-06-28 06:04:39'),
(748, 12, 'Update System Config', '::1', 'Mozilla/5.0 (Windows NT 10.0; Win64; x64) AppleWebKit/537.36 (KHTML, like Gecko) Chrome/149.0.0.0 Safari/537.36 Edg/149.0.0.0', '2026-06-28 06:04:39'),
(749, 10, 'login', NULL, NULL, '2026-06-28 06:05:29'),
(750, 12, 'login', NULL, NULL, '2026-06-28 06:05:53'),
(751, 12, 'Update System Config', '::1', 'Mozilla/5.0 (Windows NT 10.0; Win64; x64) AppleWebKit/537.36 (KHTML, like Gecko) Chrome/149.0.0.0 Safari/537.36 Edg/149.0.0.0', '2026-06-28 06:06:02'),
(752, 10, 'login', NULL, NULL, '2026-06-28 06:10:11'),
(753, 12, 'login', NULL, NULL, '2026-06-28 06:11:51'),
(754, 12, 'login', NULL, NULL, '2026-06-28 06:24:30'),
(755, 12, 'login', NULL, NULL, '2026-06-28 06:27:41'),
(756, 12, 'login', NULL, NULL, '2026-06-28 06:30:12'),
(757, 12, 'Update Profile', '::1', 'Mozilla/5.0 (Windows NT 10.0; Win64; x64) AppleWebKit/537.36 (KHTML, like Gecko) Chrome/149.0.0.0 Safari/537.36 Edg/149.0.0.0', '2026-06-28 06:30:30'),
(758, 12, 'Update System Config', '::1', 'Mozilla/5.0 (Windows NT 10.0; Win64; x64) AppleWebKit/537.36 (KHTML, like Gecko) Chrome/149.0.0.0 Safari/537.36 Edg/149.0.0.0', '2026-06-28 06:30:43'),
(759, 12, 'login', NULL, NULL, '2026-06-28 07:09:26'),
(760, 12, 'Update System Config', '::1', 'Mozilla/5.0 (Windows NT 10.0; Win64; x64) AppleWebKit/537.36 (KHTML, like Gecko) Chrome/149.0.0.0 Safari/537.36 Edg/149.0.0.0', '2026-06-28 07:09:33'),
(761, 12, 'Update System Config', '::1', 'Mozilla/5.0 (Windows NT 10.0; Win64; x64) AppleWebKit/537.36 (KHTML, like Gecko) Chrome/149.0.0.0 Safari/537.36 Edg/149.0.0.0', '2026-06-28 07:10:07'),
(762, 10, 'login', NULL, NULL, '2026-06-28 07:10:24'),
(763, 10, 'create_submission', NULL, NULL, '2026-06-28 07:24:49'),
(764, 12, 'login', NULL, NULL, '2026-06-28 07:28:26'),
(765, 12, 'Verifikasi pembayaran SKRD #INV-2026-00027 sebesar Rp 1000000', NULL, NULL, '2026-06-28 07:29:29'),
(766, 12, 'Update status ke Lunas', NULL, NULL, '2026-06-28 07:30:01'),
(767, 12, 'Update status ke Sedang Diuji', NULL, NULL, '2026-06-28 07:30:14'),
(768, 10, 'login', NULL, NULL, '2026-06-28 07:30:47'),
(769, 12, 'login', NULL, NULL, '2026-06-28 07:32:45'),
(770, 12, 'Upload Laporan Submission #27', '::1', 'Mozilla/5.0 (Windows NT 10.0; Win64; x64) AppleWebKit/537.36 (KHTML, like Gecko) Chrome/149.0.0.0 Safari/537.36 Edg/149.0.0.0', '2026-06-28 07:33:07'),
(771, 12, 'Update status ke Sedang Diuji', NULL, NULL, '2026-06-28 07:33:22'),
(772, 12, 'Hapus Laporan Submission #27', '::1', 'Mozilla/5.0 (Windows NT 10.0; Win64; x64) AppleWebKit/537.36 (KHTML, like Gecko) Chrome/149.0.0.0 Safari/537.36 Edg/149.0.0.0', '2026-06-28 07:33:34'),
(773, 12, 'Upload Laporan Submission #27', '::1', 'Mozilla/5.0 (Windows NT 10.0; Win64; x64) AppleWebKit/537.36 (KHTML, like Gecko) Chrome/149.0.0.0 Safari/537.36 Edg/149.0.0.0', '2026-06-28 07:34:02'),
(774, 12, 'Update status ke Sedang Diuji', NULL, NULL, '2026-06-28 07:34:03'),
(775, 12, 'Update status ke Selesai', NULL, NULL, '2026-06-28 07:34:37'),
(776, 10, 'login', NULL, NULL, '2026-06-28 07:35:03'),
(777, 12, 'login', NULL, NULL, '2026-06-28 07:36:31'),
(778, 12, 'Update System Config', '::1', 'Mozilla/5.0 (Windows NT 10.0; Win64; x64) AppleWebKit/537.36 (KHTML, like Gecko) Chrome/149.0.0.0 Safari/537.36 Edg/149.0.0.0', '2026-06-28 07:40:52'),
(779, 12, 'Update Busy Mode', '::1', 'Mozilla/5.0 (Windows NT 10.0; Win64; x64) AppleWebKit/537.36 (KHTML, like Gecko) Chrome/149.0.0.0 Safari/537.36 Edg/149.0.0.0', '2026-06-28 07:40:57'),
(780, 12, 'Update Busy Mode', '::1', 'Mozilla/5.0 (Windows NT 10.0; Win64; x64) AppleWebKit/537.36 (KHTML, like Gecko) Chrome/149.0.0.0 Safari/537.36 Edg/149.0.0.0', '2026-06-28 07:40:58'),
(781, 12, 'Update Busy Mode', '::1', 'Mozilla/5.0 (Windows NT 10.0; Win64; x64) AppleWebKit/537.36 (KHTML, like Gecko) Chrome/149.0.0.0 Safari/537.36 Edg/149.0.0.0', '2026-06-28 07:41:01'),
(782, 12, 'login', NULL, NULL, '2026-06-28 07:41:31'),
(783, 12, 'Update System Config', '::1', 'Mozilla/5.0 (Windows NT 10.0; Win64; x64) AppleWebKit/537.36 (KHTML, like Gecko) Chrome/149.0.0.0 Safari/537.36 Edg/149.0.0.0', '2026-06-28 07:41:39'),
(784, 10, 'login', NULL, NULL, '2026-06-28 07:42:00'),
(785, 12, 'login', NULL, NULL, '2026-06-28 07:42:13'),
(786, 12, 'Update System Config', '::1', 'Mozilla/5.0 (Windows NT 10.0; Win64; x64) AppleWebKit/537.36 (KHTML, like Gecko) Chrome/149.0.0.0 Safari/537.36 Edg/149.0.0.0', '2026-06-28 07:42:19'),
(787, 12, 'login', NULL, NULL, '2026-06-28 07:51:44'),
(788, 12, 'Hapus Laporan Submission #27', '::1', 'Mozilla/5.0 (Windows NT 10.0; Win64; x64) AppleWebKit/537.36 (KHTML, like Gecko) Chrome/149.0.0.0 Safari/537.36 Edg/149.0.0.0', '2026-06-28 07:51:53'),
(789, 12, 'Upload Laporan Submission #27', '::1', 'Mozilla/5.0 (Windows NT 10.0; Win64; x64) AppleWebKit/537.36 (KHTML, like Gecko) Chrome/149.0.0.0 Safari/537.36 Edg/149.0.0.0', '2026-06-28 07:52:11'),
(790, 12, 'login', NULL, NULL, '2026-06-28 08:02:38'),
(791, 12, 'Hapus Laporan Submission #27', '::1', 'Mozilla/5.0 (Windows NT 10.0; Win64; x64) AppleWebKit/537.36 (KHTML, like Gecko) Chrome/149.0.0.0 Safari/537.36 Edg/149.0.0.0', '2026-06-28 08:02:46'),
(792, 12, 'Upload Laporan Submission #27', '::1', 'Mozilla/5.0 (Windows NT 10.0; Win64; x64) AppleWebKit/537.36 (KHTML, like Gecko) Chrome/149.0.0.0 Safari/537.36 Edg/149.0.0.0', '2026-06-28 08:03:00'),
(793, 12, 'login', NULL, NULL, '2026-06-28 08:11:50'),
(794, 12, 'login', NULL, NULL, '2026-06-28 08:14:32'),
(795, 12, 'cancel', NULL, NULL, '2026-06-28 08:14:38'),
(796, 10, 'login', NULL, NULL, '2026-06-28 08:15:14'),
(797, NULL, 'register', NULL, NULL, '2026-06-28 08:16:21'),
(798, NULL, 'login', NULL, NULL, '2026-06-28 08:16:29'),
(799, NULL, 'create_submission', NULL, NULL, '2026-06-28 08:17:16'),
(800, 12, 'login', NULL, NULL, '2026-06-28 08:17:39'),
(801, 10, 'login', NULL, NULL, '2026-06-30 03:38:16'),
(802, 10, 'Login ke sistem', '::1', 'axios/1.13.6', '2026-07-03 12:28:57'),
(803, 14, 'User baru mendaftar', '::1', 'axios/1.13.6', '2026-07-03 12:30:53'),
(804, 14, 'Login ke sistem', '::1', 'axios/1.13.6', '2026-07-03 12:31:04'),
(805, 14, 'Login ke sistem', '::1', 'axios/1.13.6', '2026-07-03 23:36:42'),
(806, 14, 'Login ke sistem', '::1', 'axios/1.13.6', '2026-07-03 23:46:12'),
(807, 12, 'Admin login ke sistem', '::1', 'axios/1.13.6', '2026-07-03 23:47:59'),
(808, 12, 'Admin login ke sistem', '::1', 'axios/1.13.6', '2026-07-04 00:04:59'),
(809, 14, 'Login ke sistem', '::1', 'axios/1.13.6', '2026-07-04 00:06:15'),
(810, 14, 'Login ke sistem', '::1', 'axios/1.13.6', '2026-07-04 00:18:56'),
(811, 14, 'Login ke sistem', '::1', 'axios/1.13.6', '2026-07-04 00:23:41'),
(812, 14, 'Login ke sistem', '::1', 'axios/1.13.6', '2026-07-04 01:55:39'),
(813, 12, 'Admin login ke sistem', '::1', 'axios/1.13.6', '2026-07-04 02:14:09'),
(814, 14, 'Login ke sistem', '::1', 'axios/1.13.6', '2026-07-04 02:30:48'),
(815, 14, 'Login ke sistem', '::1', 'axios/1.13.6', '2026-07-04 02:40:59'),
(816, 14, 'Login ke sistem', '::1', 'axios/1.13.6', '2026-07-04 02:44:04'),
(817, 14, 'Login ke sistem', '::1', 'axios/1.13.6', '2026-07-04 02:52:03'),
(818, 12, 'Admin login ke sistem', '::1', 'axios/1.13.6', '2026-07-04 02:56:03'),
(819, 14, 'Login ke sistem', '::1', 'axios/1.13.6', '2026-07-04 03:11:35'),
(820, 12, 'Admin login ke sistem', '::1', 'axios/1.13.6', '2026-07-04 03:17:41'),
(821, 12, 'Admin login ke sistem', '::1', 'axios/1.13.6', '2026-07-04 03:27:51'),
(822, 12, 'Admin login ke sistem', '::1', 'axios/1.13.6', '2026-07-04 03:28:44'),
(823, 12, 'Admin login ke sistem', '::1', 'axios/1.13.6', '2026-07-04 03:29:15'),
(824, 14, 'Login ke sistem', '::1', 'axios/1.13.6', '2026-07-04 03:30:01'),
(825, 12, 'Admin login ke sistem', '::1', 'axios/1.13.6', '2026-07-04 03:33:07'),
(826, 12, 'Admin login ke sistem', '::1', 'axios/1.13.6', '2026-07-04 08:10:20'),
(827, 12, 'Admin login ke sistem', '::1', 'axios/1.13.6', '2026-07-04 08:13:48'),
(828, 12, 'Admin login ke sistem', '::1', 'axios/1.13.6', '2026-07-04 08:17:33'),
(829, 14, 'Login ke sistem', '::1', 'axios/1.13.6', '2026-07-04 08:18:37'),
(830, 12, 'Admin login ke sistem', '::1', 'axios/1.13.6', '2026-07-04 08:32:39'),
(831, 14, 'Login ke sistem', '::1', 'axios/1.13.6', '2026-07-04 12:06:01'),
(832, 12, 'Admin login ke sistem', '::1', 'axios/1.13.6', '2026-07-04 12:09:29'),
(833, 14, 'Login ke sistem', '::1', 'axios/1.13.6', '2026-07-04 12:33:17'),
(834, 14, 'Login ke sistem', '::1', 'axios/1.13.6', '2026-07-04 12:41:45'),
(835, 14, 'Login ke sistem', '::1', 'axios/1.13.6', '2026-07-04 12:43:47'),
(836, 14, 'Login ke sistem', '::1', 'axios/1.13.6', '2026-07-04 12:56:14'),
(837, 12, 'Admin login ke sistem', '::1', 'axios/1.13.6', '2026-07-04 12:56:52'),
(838, 14, 'Login ke sistem', '::1', 'axios/1.13.6', '2026-07-04 13:10:28'),
(839, 12, 'Admin login ke sistem', '::1', 'axios/1.13.6', '2026-07-04 13:10:55'),
(840, 12, 'Admin login ke sistem', '::1', 'axios/1.13.6', '2026-07-04 13:12:48'),
(841, 14, 'Login ke sistem', '::1', 'axios/1.13.6', '2026-07-04 13:12:59'),
(842, 12, 'Admin login ke sistem', '::1', 'axios/1.13.6', '2026-07-04 13:26:09'),
(843, 12, 'Admin login ke sistem', '::1', 'axios/1.13.6', '2026-07-04 14:01:50'),
(844, 14, 'Login ke sistem', '::1', 'axios/1.13.6', '2026-07-04 14:02:05'),
(845, 12, 'Admin login ke sistem', '::1', 'axios/1.13.6', '2026-07-04 14:04:45'),
(846, 14, 'Login ke sistem', '::1', 'axios/1.13.6', '2026-07-04 14:11:24'),
(847, 12, 'Admin login ke sistem', '::1', 'axios/1.13.6', '2026-07-04 14:18:42'),
(848, 12, 'Admin login ke sistem', '::1', 'axios/1.13.6', '2026-07-04 14:26:48'),
(849, 12, 'Admin login ke sistem', '::1', 'axios/1.13.6', '2026-07-04 14:28:02'),
(850, 14, 'Login ke sistem', '::1', 'axios/1.13.6', '2026-07-04 14:32:24'),
(851, 12, 'Admin login ke sistem', '::1', 'axios/1.13.6', '2026-07-04 14:38:06'),
(852, 12, 'Admin login ke sistem', '::1', 'axios/1.13.6', '2026-07-04 14:39:38'),
(853, 12, 'Admin login ke sistem', '::1', 'axios/1.13.6', '2026-07-04 14:47:13'),
(854, 12, 'Admin login ke sistem', '::1', 'axios/1.13.6', '2026-07-04 14:52:11'),
(855, 14, 'Login ke sistem', '::1', 'axios/1.13.6', '2026-07-04 14:58:02'),
(856, 15, 'User baru mendaftar', '::1', 'axios/1.13.6', '2026-07-04 15:09:49'),
(857, 15, 'Login ke sistem', '::1', 'axios/1.13.6', '2026-07-04 15:09:58'),
(858, 12, 'Admin login ke sistem', '::1', 'axios/1.13.6', '2026-07-04 15:19:56'),
(859, 12, 'Admin login ke sistem', '::1', 'axios/1.13.6', '2026-07-04 16:01:54'),
(860, 15, 'Login ke sistem', '::1', 'axios/1.13.6', '2026-07-04 16:04:15'),
(861, 15, 'Login ke sistem', '::1', 'axios/1.13.6', '2026-07-04 16:25:09'),
(862, 15, 'Login ke sistem', '::1', 'axios/1.13.6', '2026-07-04 16:42:56'),
(863, 12, 'Admin login ke sistem', '::1', 'axios/1.13.6', '2026-07-04 16:43:27'),
(864, 15, 'Login ke sistem', '::1', 'axios/1.13.6', '2026-07-04 16:56:32'),
(865, 12, 'Admin login ke sistem', '::1', 'axios/1.13.6', '2026-07-04 16:57:06'),
(866, 12, 'Admin login ke sistem', '::1', 'axios/1.13.6', '2026-07-04 17:03:54'),
(867, 12, 'Admin login ke sistem', '::1', 'axios/1.13.6', '2026-07-04 17:06:14'),
(868, 15, 'Login ke sistem', '::1', 'axios/1.13.6', '2026-07-04 17:06:50'),
(869, 12, 'Admin login ke sistem', '::1', 'axios/1.13.6', '2026-07-04 17:08:36'),
(870, 15, 'Login ke sistem', '::1', 'axios/1.13.6', '2026-07-04 17:09:06'),
(871, 15, 'Login ke sistem', '::1', 'axios/1.13.6', '2026-07-04 17:17:13'),
(872, 12, 'Admin login ke sistem', '::1', 'axios/1.13.6', '2026-07-04 17:17:44'),
(873, 15, 'Login ke sistem', '::1', 'axios/1.13.6', '2026-07-04 17:54:02'),
(874, 12, 'Admin login ke sistem', '::1', 'axios/1.13.6', '2026-07-04 17:55:28'),
(875, 15, 'Login ke sistem', '::1', 'axios/1.13.6', '2026-07-04 18:01:31'),
(876, 12, 'Admin login ke sistem', '::1', 'axios/1.13.6', '2026-07-04 18:02:12'),
(877, 15, 'Login ke sistem', '::1', 'axios/1.13.6', '2026-07-04 18:06:37'),
(878, 12, 'Admin login ke sistem', '::1', 'axios/1.13.6', '2026-07-04 18:08:00'),
(879, 12, 'Admin login ke sistem', '::1', 'axios/1.13.6', '2026-07-04 18:08:33'),
(880, 15, 'Login ke sistem', '::1', 'axios/1.13.6', '2026-07-04 18:09:27'),
(881, 15, 'Login ke sistem', '::1', 'axios/1.13.6', '2026-07-04 18:15:39'),
(882, 12, 'Admin login ke sistem', '::1', 'axios/1.13.6', '2026-07-04 18:16:08'),
(883, 15, 'Login ke sistem', '::1', 'axios/1.13.6', '2026-07-04 18:19:37'),
(884, 15, 'Login ke sistem', '::1', 'axios/1.13.6', '2026-07-04 18:22:35'),
(885, 15, 'Login ke sistem', '::1', 'axios/1.13.6', '2026-07-04 18:23:04'),
(886, 12, 'Admin login ke sistem', '::1', 'axios/1.13.6', '2026-07-04 18:23:24');

-- --------------------------------------------------------

--
-- Table structure for table `jadwal_sibuk`
--

CREATE TABLE `jadwal_sibuk` (
  `id` int NOT NULL,
  `keterangan` varchar(255) CHARACTER SET utf8mb4 COLLATE utf8mb4_unicode_ci NOT NULL,
  `tanggal_mulai` date NOT NULL,
  `tanggal_selesai` date NOT NULL,
  `created_at` timestamp NULL DEFAULT CURRENT_TIMESTAMP,
  `updated_at` timestamp NULL DEFAULT CURRENT_TIMESTAMP ON UPDATE CURRENT_TIMESTAMP,
  `created_by` int DEFAULT NULL,
  `updated_by` int DEFAULT NULL
) ENGINE=InnoDB DEFAULT CHARSET=utf8mb4 COLLATE=utf8mb4_unicode_ci;

--
-- Dumping data for table `jadwal_sibuk`
--

INSERT INTO `jadwal_sibuk` (`id`, `keterangan`, `tanggal_mulai`, `tanggal_selesai`, `created_at`, `updated_at`, `created_by`, `updated_by`) VALUES
(3, 'Cuti Bersama', '2026-06-28', '2026-07-17', '2026-06-28 04:31:10', '2026-06-28 04:31:10', NULL, NULL);

-- --------------------------------------------------------

--
-- Table structure for table `kuisioner`
--

CREATE TABLE `kuisioner` (
  `id` int NOT NULL,
  `submission_id` int NOT NULL,
  `saran` text,
  `jawaban_json` json DEFAULT NULL,
  `pertanyaan_json` json DEFAULT NULL,
  `created_at` timestamp NULL DEFAULT CURRENT_TIMESTAMP,
  `skor_17` tinyint DEFAULT NULL
) ENGINE=InnoDB DEFAULT CHARSET=utf8mb4 COLLATE=utf8mb4_0900_ai_ci;

--
-- Dumping data for table `kuisioner`
--

INSERT INTO `kuisioner` (`id`, `submission_id`, `saran`, `jawaban_json`, `pertanyaan_json`, `created_at`, `skor_17`) VALUES
(1, 10, 'Haechan Pacar Jey Till Die', '{\"1\": 4, \"2\": 4, \"3\": 4, \"4\": 4, \"5\": 4, \"6\": 4, \"7\": 4, \"8\": 4, \"9\": 4, \"10\": 4}', '[\"Kemudahan dalam pelayanan pelanggan\", \"Kemudahan informasi tentang sistem, mekanisme, dan prosedur pelayanan pengujian\", \"Ketepatan waktu pelayanan pengujian\", \"Biaya pengujian yang kompetitif\", \"Kualitas dan mutu layanan sesuai ketentuan\", \"Tenaga teknis yang handal, berpengalaman, dan bersertifikasi\", \"Keramahan pelayanan petugas\", \"Kecepatan tanggapan dan tindak lanjut terhadap keluhan\", \"Kenyamanan dan kebersihan lingkungan\", \"Dukungan peralatan yang memadai, terpelihara serta mutakhir\", \"Setuju Ga Jey Pacar Haechan?\"]', '2026-06-21 13:42:18', NULL),
(2, 11, 'Till Die', '{\"1\": 5, \"2\": 5, \"3\": 5, \"4\": 5, \"5\": 5, \"6\": 5, \"7\": 5, \"8\": 5, \"9\": 5, \"10\": 5}', '[\"Kemudahan dalam pelayanan pelanggan\", \"Kemudahan informasi tentang sistem, mekanisme, dan prosedur pelayanan pengujian\", \"Ketepatan waktu pelayanan pengujian\", \"Biaya pengujian yang kompetitif\", \"Kualitas dan mutu layanan sesuai ketentuan\", \"Tenaga teknis yang handal, berpengalaman, dan bersertifikasi\", \"Keramahan pelayanan petugas\", \"Kecepatan tanggapan dan tindak lanjut terhadap keluhan\", \"Kenyamanan dan kebersihan lingkungan\", \"Dukungan peralatan yang memadai, terpelihara serta mutakhir\", \"Setuju Ga Jey Pacar Haechan?\"]', '2026-06-21 13:51:32', NULL),
(3, 13, 'Jangan Kacau, Kita Kicau', '{\"1\": 5, \"2\": 3, \"3\": 2, \"4\": 5, \"5\": 3, \"6\": 2, \"7\": 4, \"8\": 1, \"9\": 4, \"10\": 3}', '[\"Kemudahan dalam pelayanan pelanggan\", \"Kemudahan informasi tentang sistem, mekanisme, dan prosedur pelayanan pengujian\", \"Ketepatan waktu pelayanan pengujian\", \"Biaya pengujian yang kompetitif\", \"Kualitas dan mutu layanan sesuai ketentuan\", \"Tenaga teknis yang handal, berpengalaman, dan bersertifikasi\", \"Keramahan pelayanan petugas\", \"Kecepatan tanggapan dan tindak lanjut terhadap keluhan\", \"Kenyamanan dan kebersihan lingkungan\", \"Dukungan peralatan yang memadai, terpelihara serta mutakhir\", \"Setuju Ga Jey Pacar Haechan?\", \"Setuju nda kalau Haechan Pacar Jey?\"]', '2026-06-21 15:15:30', NULL),
(4, 12, '???', '{\"1\": null, \"2\": null, \"3\": null, \"4\": null, \"5\": null, \"6\": null, \"7\": null, \"8\": null, \"9\": null, \"10\": null}', '[\"Kemudahan dalam pelayanan pelanggan\", \"Kemudahan informasi tentang sistem, mekanisme, dan prosedur pelayanan pengujian\", \"Ketepatan waktu pelayanan pengujian\", \"Biaya pengujian yang kompetitif\", \"Kualitas dan mutu layanan sesuai ketentuan\", \"Tenaga teknis yang handal, berpengalaman, dan bersertifikasi\", \"Keramahan pelayanan petugas\", \"Kecepatan tanggapan dan tindak lanjut terhadap keluhan\", \"Kenyamanan dan kebersihan lingkungan\", \"Dukungan peralatan yang memadai, terpelihara serta mutakhir\"]', '2026-06-21 15:44:44', NULL),
(5, 14, 'kkkk', '{\"1\": 1, \"2\": 4, \"3\": 2, \"4\": 4, \"5\": 3, \"6\": 5, \"7\": 2, \"8\": 4, \"9\": 3, \"10\": 5, \"16\": 5}', '[\"Kemudahan dalam pelayanan pelanggan\", \"Kemudahan informasi tentang sistem, mekanisme, dan prosedur pelayanan pengujian\", \"Ketepatan waktu pelayanan pengujian\", \"Biaya pengujian yang kompetitif\", \"Kualitas dan mutu layanan sesuai ketentuan\", \"Tenaga teknis yang handal, berpengalaman, dan bersertifikasi\", \"Keramahan pelayanan petugas\", \"Kecepatan tanggapan dan tindak lanjut terhadap keluhan\", \"Kenyamanan dan kebersihan lingkungan\", \"Dukungan peralatan yang memadai, terpelihara serta mutakhir\", \"Setuju ga jey sama haechan pacaran?\"]', '2026-06-21 17:24:03', NULL),
(6, 17, NULL, '{\"1\": 4, \"2\": 3, \"3\": 2, \"4\": 3, \"5\": 2, \"6\": 4, \"7\": 2, \"8\": 4, \"9\": 2, \"10\": 4}', '[\"Kemudahan dalam pelayanan pelanggan\", \"Kemudahan informasi tentang sistem, mekanisme, dan prosedur pelayanan pengujian\", \"Ketepatan waktu pelayanan pengujian\", \"Biaya pengujian yang kompetitif\", \"Kualitas dan mutu layanan sesuai ketentuan\", \"Tenaga teknis yang handal, berpengalaman, dan bersertifikasi\", \"Keramahan pelayanan petugas\", \"Kecepatan tanggapan dan tindak lanjut terhadap keluhan\", \"Kenyamanan dan kebersihan lingkungan\", \"Dukungan peralatan yang memadai, terpelihara serta mutakhir\"]', '2026-06-22 13:41:01', NULL),
(7, 18, 'oko', '{\"1\": 4, \"2\": 4, \"3\": 3, \"4\": 5, \"5\": 1, \"6\": 3, \"7\": 2, \"8\": 5, \"9\": 5, \"10\": 5}', '[\"Kemudahan dalam pelayanan pelanggan\", \"Kemudahan informasi tentang sistem, mekanisme, dan prosedur pelayanan pengujian\", \"Ketepatan waktu pelayanan pengujian\", \"Biaya pengujian yang kompetitif\", \"Kualitas dan mutu layanan sesuai ketentuan\", \"Tenaga teknis yang handal, berpengalaman, dan bersertifikasi\", \"Keramahan pelayanan petugas\", \"Kecepatan tanggapan dan tindak lanjut terhadap keluhan\", \"Kenyamanan dan kebersihan lingkungan\", \"Dukungan peralatan yang memadai, terpelihara serta mutakhir\"]', '2026-06-23 01:22:16', NULL),
(8, 19, 'sudah bagus', '{\"1\": 5, \"2\": 5, \"3\": 5, \"4\": 5, \"5\": 5, \"6\": 5, \"7\": 5, \"8\": 5, \"9\": 5, \"10\": 5}', '[\"Kemudahan dalam pelayanan pelanggan\", \"Kemudahan informasi tentang sistem, mekanisme, dan prosedur pelayanan pengujian\", \"Ketepatan waktu pelayanan pengujian\", \"Biaya pengujian yang kompetitif\", \"Kualitas dan mutu layanan sesuai ketentuan\", \"Tenaga teknis yang handal, berpengalaman, dan bersertifikasi\", \"Keramahan pelayanan petugas\", \"Kecepatan tanggapan dan tindak lanjut terhadap keluhan\", \"Kenyamanan dan kebersihan lingkungan\", \"Dukungan peralatan yang memadai, terpelihara serta mutakhir\"]', '2026-06-23 03:10:58', NULL),
(9, 27, 'makasih sudah membantu', '{\"1\": 5, \"2\": 4, \"3\": 1, \"4\": 3, \"5\": 3, \"6\": 4, \"7\": 3, \"8\": 2, \"9\": 3, \"10\": 4, \"17\": 5}', '[\"Kemudahan dalam pelayanan pelanggan\", \"Kemudahan informasi tentang sistem, mekanisme, dan prosedur pelayanan pengujian\", \"Ketepatan waktu pelayanan pengujian\", \"Biaya pengujian yang kompetitif\", \"Kualitas dan mutu layanan sesuai ketentuan\", \"Tenaga teknis yang handal, berpengalaman, dan bersertifikasi\", \"Keramahan pelayanan petugas\", \"Kecepatan tanggapan dan tindak lanjut terhadap keluhan\", \"Kenyamanan dan kebersihan lingkungan\", \"Dukungan peralatan yang memadai, terpelihara serta mutakhir\", \"Setuju ga haechan dan jey pacaran?\"]', '2026-06-28 07:35:54', NULL),
(10, 43, NULL, '[{\"answer\": 5, \"question_id\": 1}, {\"answer\": 2, \"question_id\": 2}, {\"answer\": 1, \"question_id\": 3}, {\"answer\": 3, \"question_id\": 4}, {\"answer\": 4, \"question_id\": 5}, {\"answer\": 5, \"question_id\": 6}, {\"answer\": 1, \"question_id\": 7}, {\"answer\": 4, \"question_id\": 8}, {\"answer\": 1, \"question_id\": 9}, {\"answer\": 3, \"question_id\": 10}]', NULL, '2026-07-04 16:42:42', NULL),
(11, 44, NULL, '{\"1\": 5, \"2\": 5, \"3\": 5, \"4\": 5, \"5\": 5, \"6\": 5, \"7\": 5, \"8\": 5, \"9\": 5, \"10\": 5}', '[\"Kemudahan dalam pelayanan pelanggan\", \"Kemudahan informasi tentang sistem, mekanisme, dan prosedur pelayanan pengujian\", \"Ketepatan waktu pelayanan pengujian\", \"Biaya pengujian yang kompetitif\", \"Kualitas dan mutu layanan sesuai ketentuan\", \"Tenaga teknis yang handal, berpengalaman, dan bersertifikasi\", \"Keramahan pelayanan petugas\", \"Kecepatan tanggapan dan tindak lanjut terhadap keluhan\", \"Kenyamanan dan kebersihan lingkungan\", \"Dukungan peralatan yang memadai, terpelihara serta mutakhir\"]', '2026-07-04 16:51:24', 5),
(12, 45, NULL, '{\"1\": 2, \"2\": 4, \"3\": 1, \"4\": 3, \"5\": 2, \"6\": 1, \"7\": 4, \"8\": 1, \"9\": 1, \"10\": 4}', '[\"Kemudahan dalam pelayanan pelanggan\", \"Kemudahan informasi tentang sistem, mekanisme, dan prosedur pelayanan pengujian\", \"Ketepatan waktu pelayanan pengujian\", \"Biaya pengujian yang kompetitif\", \"Kualitas dan mutu layanan sesuai ketentuan\", \"Tenaga teknis yang handal, berpengalaman, dan bersertifikasi\", \"Keramahan pelayanan petugas\", \"Kecepatan tanggapan dan tindak lanjut terhadap keluhan\", \"Kenyamanan dan kebersihan lingkungan\", \"Dukungan peralatan yang memadai, terpelihara serta mutakhir\"]', '2026-07-04 17:10:11', 2),
(13, 46, 'ea', '{\"1\": 1, \"2\": 4, \"3\": 5, \"4\": 1, \"5\": 5, \"6\": 5, \"7\": 3, \"8\": 4, \"9\": 2, \"10\": 4}', '[\"Kemudahan dalam pelayanan pelanggan\", \"Kemudahan informasi tentang sistem, mekanisme, dan prosedur pelayanan pengujian\", \"Ketepatan waktu pelayanan pengujian\", \"Biaya pengujian yang kompetitif\", \"Kualitas dan mutu layanan sesuai ketentuan\", \"Tenaga teknis yang handal, berpengalaman, dan bersertifikasi\", \"Keramahan pelayanan petugas\", \"Kecepatan tanggapan dan tindak lanjut terhadap keluhan\", \"Kenyamanan dan kebersihan lingkungan\", \"Dukungan peralatan yang memadai, terpelihara serta mutakhir\"]', '2026-07-04 17:24:32', 3),
(14, 47, 'wkakwakwk', '{\"1\": 1, \"2\": 1, \"3\": 4, \"4\": 2, \"5\": 5, \"6\": 2, \"7\": 4, \"8\": 5, \"9\": 5, \"10\": 2}', '[\"wkwkwkwk\", \"Kemudahan dalam pelayanan pelanggan\", \"Kemudahan informasi tentang sistem, mekanisme, dan prosedur pelayanan pengujian\", \"Ketepatan waktu pelayanan pengujian\", \"Biaya pengujian yang kompetitif\", \"Kualitas dan mutu layanan sesuai ketentuan\", \"Tenaga teknis yang handal, berpengalaman, dan bersertifikasi\", \"Keramahan pelayanan petugas\", \"Kecepatan tanggapan dan tindak lanjut terhadap keluhan\", \"Kenyamanan dan kebersihan lingkungan\", \"Dukungan peralatan yang memadai, terpelihara serta mutakhir\", \"afh iyh\"]', '2026-07-04 17:46:51', 3),
(15, 48, 'lk', '{\"1\": 3, \"2\": 4, \"3\": 1, \"4\": 5, \"5\": 2, \"6\": 4, \"7\": 1, \"8\": 3, \"9\": 5, \"10\": 1}', '[\"wkwkwkwk\", \"Kemudahan dalam pelayanan pelanggan\", \"Kemudahan informasi tentang sistem, mekanisme, dan prosedur pelayanan pengujian\", \"Ketepatan waktu pelayanan pengujian\", \"Biaya pengujian yang kompetitif\", \"Kualitas dan mutu layanan sesuai ketentuan\", \"Tenaga teknis yang handal, berpengalaman, dan bersertifikasi\", \"Keramahan pelayanan petugas\", \"Kecepatan tanggapan dan tindak lanjut terhadap keluhan\", \"Kenyamanan dan kebersihan lingkungan\", \"Dukungan peralatan yang memadai, terpelihara serta mutakhir\", \"afh iyh\"]', '2026-07-04 17:56:52', 3),
(16, 49, 'makasih', '{\"1\": 2, \"2\": 5, \"3\": 1, \"4\": 4, \"5\": 1, \"6\": 4, \"7\": 5, \"8\": 1, \"9\": 4, \"10\": 3}', '[\"wkwkwkwk\", \"Kemudahan dalam pelayanan pelanggan\", \"Kemudahan informasi tentang sistem, mekanisme, dan prosedur pelayanan pengujian\", \"Ketepatan waktu pelayanan pengujian\", \"Biaya pengujian yang kompetitif\", \"Kualitas dan mutu layanan sesuai ketentuan\", \"Tenaga teknis yang handal, berpengalaman, dan bersertifikasi\", \"Keramahan pelayanan petugas\", \"Kecepatan tanggapan dan tindak lanjut terhadap keluhan\", \"Kenyamanan dan kebersihan lingkungan\", \"Dukungan peralatan yang memadai, terpelihara serta mutakhir\", \"afh iyh\"]', '2026-07-04 18:09:53', 3),
(17, 50, '123', '{\"1\": 4, \"2\": 1, \"3\": 2, \"4\": 3, \"5\": 4, \"6\": 5, \"7\": 3, \"8\": 1, \"9\": 3, \"10\": 5, \"18\": 4, \"19\": 2}', '[\"wkwkwkwk\", \"Kemudahan dalam pelayanan pelanggan\", \"Kemudahan informasi tentang sistem, mekanisme, dan prosedur pelayanan pengujian\", \"Ketepatan waktu pelayanan pengujian\", \"Biaya pengujian yang kompetitif\", \"Kualitas dan mutu layanan sesuai ketentuan\", \"Tenaga teknis yang handal, berpengalaman, dan bersertifikasi\", \"Keramahan pelayanan petugas\", \"Kecepatan tanggapan dan tindak lanjut terhadap keluhan\", \"Kenyamanan dan kebersihan lingkungan\", \"Dukungan peralatan yang memadai, terpelihara serta mutakhir\", \"afh iyh\"]', '2026-07-04 18:17:09', 3);

-- --------------------------------------------------------

--
-- Table structure for table `kuisioner_questions`
--

CREATE TABLE `kuisioner_questions` (
  `id` int NOT NULL,
  `question_text` text NOT NULL,
  `urutan` int DEFAULT '0'
) ENGINE=InnoDB DEFAULT CHARSET=utf8mb4 COLLATE=utf8mb4_0900_ai_ci;

--
-- Dumping data for table `kuisioner_questions`
--

INSERT INTO `kuisioner_questions` (`id`, `question_text`, `urutan`) VALUES
(1, 'Kemudahan dalam pelayanan pelanggan', 1),
(2, 'Kemudahan informasi tentang sistem, mekanisme, dan prosedur pelayanan pengujian', 2),
(3, 'Ketepatan waktu pelayanan pengujian', 3),
(4, 'Biaya pengujian yang kompetitif', 4),
(5, 'Kualitas dan mutu layanan sesuai ketentuan', 5),
(6, 'Tenaga teknis yang handal, berpengalaman, dan bersertifikasi', 6),
(7, 'Keramahan pelayanan petugas', 7),
(8, 'Kecepatan tanggapan dan tindak lanjut terhadap keluhan', 8),
(9, 'Kenyamanan dan kebersihan lingkungan', 9),
(10, 'Dukungan peralatan yang memadai, terpelihara serta mutakhir', 10),
(18, 'afh iyh', 11),
(19, 'wkwkwkwk', 0);

-- --------------------------------------------------------

--
-- Table structure for table `notifications`
--

CREATE TABLE `notifications` (
  `id` int NOT NULL,
  `user_id` int DEFAULT NULL,
  `title` varchar(255) NOT NULL,
  `message` text NOT NULL,
  `href` varchar(255) DEFAULT '#',
  `is_read` tinyint(1) DEFAULT '0',
  `created_at` timestamp NULL DEFAULT CURRENT_TIMESTAMP
) ENGINE=InnoDB DEFAULT CHARSET=utf8mb4 COLLATE=utf8mb4_0900_ai_ci;

--
-- Dumping data for table `notifications`
--

INSERT INTO `notifications` (`id`, `user_id`, `title`, `message`, `href`, `is_read`, `created_at`) VALUES
(1, 8, 'Peringatan Pembayaran', 'Silakan segera lakukan pembayaran untuk Tagihan (Invoice) INV-2026-00016 sebesar Rp  36.000.000.', '/user/transaction/16', 0, '2026-06-22 12:38:54'),
(2, 8, 'Hasil Uji Selesai', 'Laporan hasil pengujian untuk 015/sp/2026 telah tersedia dan dapat diunduh.', '/user/history/17', 0, '2026-06-22 13:37:41'),
(3, 8, 'Hasil Uji Selesai', 'Laporan hasil pengujian untuk 015/sp/2026 telah tersedia dan dapat diunduh.', '/user/history/17', 0, '2026-06-22 13:42:10'),
(4, 0, 'Bukti Pembayaran Diunggah', 'Bukti pembayaran untuk Invoice INV-2026-00016 telah diunggah', '/admin/submissions', 0, '2026-06-22 14:37:04'),
(5, 0, 'Pengajuan Baru Masuk', 'Ada pengajuan baru (LK-001/SKEW) dari PT. Ama', '/admin/submissions', 0, '2026-06-23 01:01:14'),
(6, 0, 'Bukti Pembayaran Diunggah', 'Bukti pembayaran untuk Invoice INV-2026-00018 telah diunggah', '/admin/submissions', 0, '2026-06-23 01:02:30'),
(7, 7, 'Pembayaran Diverifikasi', 'Pembayaran Anda untuk Tagihan INV-2026-00018 sebesar Rp 700.000 telah diverifikasi. Status: Belum Lunas.', '/user/transaction/18', 0, '2026-06-23 01:03:09'),
(8, 0, 'Bukti Pembayaran Diunggah', 'Bukti pembayaran untuk Invoice INV-2026-00018 telah diunggah', '/admin/submissions', 0, '2026-06-23 01:04:12'),
(9, 7, 'Pembayaran Diverifikasi', 'Pembayaran Anda untuk Tagihan INV-2026-00018 sebesar Rp 50.000 telah diverifikasi. Status: Lunas.', '/user/transaction/18', 0, '2026-06-23 01:04:49'),
(10, 7, 'Update Status Pengajuan', 'Status pengajuan LK-001/SKEW telah diperbarui menjadi: Lunas.', '/user/history/18', 0, '2026-06-23 01:05:05'),
(11, 7, 'Hasil Uji Selesai', 'Laporan hasil pengujian untuk LK-001/SKEW telah tersedia dan dapat diunduh.', '/user/history/18', 0, '2026-06-23 01:05:36'),
(12, 0, 'Pengajuan Baru Masuk', 'Ada pengajuan baru (001/SP/VI/2026) dari PT. Suka Maju', '/admin/submissions', 0, '2026-06-23 02:31:21'),
(13, 9, 'Update Status Pengajuan', 'Status pengajuan 001/SP/VI/2026 telah diperbarui menjadi: Pengecekan Sampel.', '/user/history/19', 0, '2026-06-23 02:34:28'),
(14, 0, 'Bukti Pembayaran Diunggah', 'Bukti pembayaran untuk Invoice INV-2026-00019 telah diunggah', '/admin/submissions', 0, '2026-06-23 03:04:48'),
(15, 9, 'Pembayaran Diverifikasi', 'Pembayaran Anda untuk Tagihan INV-2026-00019 sebesar Rp 900.000 telah diverifikasi. Status: Lunas.', '/user/transaction/19', 0, '2026-06-23 03:06:23'),
(16, 9, 'Update Status Pengajuan', 'Status pengajuan 001/SP/VI/2026 telah diperbarui menjadi: Lunas.', '/user/history/19', 0, '2026-06-23 03:06:57'),
(17, 9, 'Hasil Uji Selesai', 'Laporan hasil pengujian untuk 001/SP/VI/2026 telah tersedia dan dapat diunduh.', '/user/history/19', 0, '2026-06-23 03:08:18'),
(18, 0, 'Pengajuan Baru Masuk', 'Ada pengajuan baru (LK-001/SKEW) dari PT. Ama', '/admin/submissions', 0, '2026-06-24 08:45:32'),
(19, 0, 'Pengajuan Baru Masuk', 'Ada pengajuan baru (001) dari PT. Ama', '/admin/submissions', 0, '2026-06-24 09:29:47'),
(20, 0, 'Pengajuan Baru Masuk', 'Ada pengajuan baru (PO01-987) dari PT. Ama', '/admin/submissions', 0, '2026-06-24 09:30:28'),
(21, 0, 'Pengajuan Baru Masuk', 'Ada pengajuan baru (PER/A/178/I/2026) dari PT. Ama', '/admin/submissions', 0, '2026-06-24 09:31:21'),
(22, 0, 'Pengajuan Baru Masuk', 'Ada pengajuan baru (PO01-987) dari PT. Ama', '/admin/submissions', 0, '2026-06-24 09:32:04'),
(23, 0, 'Pengajuan Baru Masuk', 'Ada pengajuan baru (PER/A/178/I/2026) dari PT. Ama', '/admin/submissions', 0, '2026-06-24 09:54:20'),
(24, 0, 'Pengajuan Baru Masuk', 'Ada pengajuan baru (001/SP/VI/2026) dari PT. Ama', '/admin/submissions', 0, '2026-06-24 09:59:41'),
(25, 0, 'Bukti Pembayaran Diunggah', 'Bukti pembayaran untuk Invoice INV-2026-00026 telah diunggah', '/admin/submissions', 0, '2026-06-24 10:27:53'),
(26, 10, 'Peringatan Pembayaran', 'Silakan segera lakukan pembayaran untuk Tagihan (Invoice) INV-2026-00027 sebesar Rp  1.000.000.', '/user/transaction/27', 0, '2026-06-28 02:19:38'),
(27, NULL, 'Pengajuan Baru', 'Jelita Koejora mengajukan Koejora Company', '/admin/submissions/32', 0, '2026-07-03 23:47:09'),
(28, NULL, 'Pengajuan Baru', 'Jelita Koejora mengajukan Jelita Company', '/admin/submissions/33', 0, '2026-07-04 00:08:00'),
(29, NULL, 'Pengajuan Baru', 'Jelita Koejora mengajukan Jelita Company', '/admin/submissions/34', 0, '2026-07-04 00:16:02'),
(30, NULL, 'Pengajuan Baru', 'Jelita Koejora mengajukan Koejora Company', '/admin/submissions/35', 0, '2026-07-04 00:20:17'),
(31, NULL, 'Pengajuan Baru', 'Jelita Koejora mengajukan Koejora Company', '/admin/submissions/36', 0, '2026-07-04 00:25:01'),
(32, NULL, 'Pengajuan Baru', 'Jelita Koejora mengajukan Koejora Company', '/admin/submissions/37', 0, '2026-07-04 01:56:27'),
(33, NULL, 'Pengajuan Baru', 'Jelita Koejora mengajukan Jalan', '/admin/submissions/38', 0, '2026-07-04 02:04:39'),
(34, NULL, 'Pengajuan Baru', 'Jelita Koejora mengajukan Koejora Company', '/admin/submissions/39', 0, '2026-07-04 02:08:23'),
(35, NULL, 'Pengajuan Baru', 'Jelita Koejora mengajukan Jalan', '/admin/submissions/40', 0, '2026-07-04 02:13:42'),
(36, NULL, 'Pengajuan Baru', 'Jelita Koejora mengajukan Koejora Company', '/admin/submissions/41', 0, '2026-07-04 02:20:52'),
(37, NULL, 'Pengajuan Baru', 'Jelita Koejora mengajukan Jelita Company', '/admin/submissions/42', 0, '2026-07-04 02:24:58'),
(38, NULL, 'Pengajuan Baru', 'K Rayan mengajukan Rayan K Company', '/admin/submissions/43', 0, '2026-07-04 15:16:33'),
(39, NULL, 'Pengajuan Baru', 'K Rayann mengajukan Koejora Company', '/admin/submissions/44', 0, '2026-07-04 16:49:54'),
(40, NULL, 'Pengajuan Baru', 'K Rayann mengajukan Jelita Company', '/admin/submissions/45', 0, '2026-07-04 16:58:26'),
(41, NULL, 'Pengajuan Baru', 'K Rayann mengajukan Jelita Company', '/admin/submissions/46', 0, '2026-07-04 17:22:38'),
(42, NULL, 'Pengajuan Baru', 'K Rayann mengajukan Jelita Company', '/admin/submissions/47', 0, '2026-07-04 17:45:01'),
(43, NULL, 'Pengajuan Baru', 'K Rayann mengajukan Pembang', '/admin/submissions/48', 0, '2026-07-04 17:55:01'),
(44, NULL, 'Pengajuan Baru', 'K Rayann mengajukan Jelita Company', '/admin/submissions/49', 0, '2026-07-04 18:07:22'),
(45, NULL, 'Pengajuan Baru', 'K Rayann mengajukan Pembang', '/admin/submissions/50', 0, '2026-07-04 18:14:48');

-- --------------------------------------------------------

--
-- Table structure for table `payments`
--

CREATE TABLE `payments` (
  `id` int NOT NULL,
  `submission_id` int NOT NULL,
  `no_invoice` varchar(100) NOT NULL,
  `total_tagihan` decimal(15,2) DEFAULT '0.00',
  `jumlah_dibayar` decimal(15,2) DEFAULT '0.00',
  `sisa_tagihan` decimal(15,2) GENERATED ALWAYS AS ((`total_tagihan` - `jumlah_dibayar`)) STORED,
  `status_pembayaran` enum('Menunggu Verifikasi','Pengecekan Sampel','Belum Bayar','Menunggu SKRD Upload','Belum Lunas','Lunas','Sedang Diuji','Selesai','Dibatalkan') DEFAULT 'Belum Bayar',
  `bukti_pembayaran_1` varchar(255) DEFAULT NULL,
  `bukti_pembayaran_2` varchar(255) DEFAULT NULL,
  `bukti_pembayaran_1_uploaded_at` datetime DEFAULT NULL,
  `bukti_pembayaran_2_uploaded_at` datetime DEFAULT NULL,
  `skrd_file` varchar(255) DEFAULT NULL,
  `skrd_filename` varchar(255) DEFAULT NULL,
  `skrd_uploaded_at` datetime DEFAULT NULL,
  `skrd_uploaded_by` int DEFAULT NULL,
  `bukti_pembayaran_notes` text,
  `created_at` timestamp NULL DEFAULT CURRENT_TIMESTAMP,
  `updated_at` timestamp NULL DEFAULT CURRENT_TIMESTAMP ON UPDATE CURRENT_TIMESTAMP
) ENGINE=InnoDB DEFAULT CHARSET=utf8mb4 COLLATE=utf8mb4_0900_ai_ci;

--
-- Dumping data for table `payments`
--

INSERT INTO `payments` (`id`, `submission_id`, `no_invoice`, `total_tagihan`, `jumlah_dibayar`, `status_pembayaran`, `bukti_pembayaran_1`, `bukti_pembayaran_2`, `bukti_pembayaran_1_uploaded_at`, `bukti_pembayaran_2_uploaded_at`, `skrd_file`, `skrd_filename`, `skrd_uploaded_at`, `skrd_uploaded_by`, `bukti_pembayaran_notes`, `created_at`, `updated_at`) VALUES
(1, 1, 'INV-2026-00001', '1800000.00', '0.00', 'Menunggu Verifikasi', NULL, NULL, NULL, NULL, NULL, NULL, NULL, NULL, NULL, '2026-03-27 22:44:41', '2026-05-03 10:24:28'),
(2, 2, 'INV-2026-00002', '285000.00', '0.00', 'Menunggu Verifikasi', NULL, NULL, NULL, NULL, NULL, NULL, NULL, NULL, NULL, '2026-03-27 23:20:35', '2026-05-03 10:24:28'),
(3, 3, 'INV-2026-00003', '1200000.00', '0.00', 'Selesai', NULL, NULL, NULL, NULL, NULL, NULL, NULL, NULL, NULL, '2026-03-27 23:32:34', '2026-05-03 10:24:28'),
(4, 4, 'INV-2026-00004', '5500000.00', '0.00', 'Menunggu Verifikasi', NULL, NULL, NULL, NULL, NULL, NULL, NULL, NULL, NULL, '2026-03-28 00:01:27', '2026-05-03 10:24:28'),
(5, 5, 'INV-2026-00005', '5500000.00', '0.00', 'Dibatalkan', NULL, NULL, NULL, NULL, NULL, NULL, NULL, NULL, NULL, '2026-03-28 00:20:21', '2026-05-20 10:45:05'),
(6, 6, 'INV-2026-00006', '450000.00', '0.00', 'Lunas', NULL, NULL, NULL, NULL, NULL, NULL, NULL, NULL, NULL, '2026-03-28 00:25:36', '2026-05-20 10:08:43'),
(7, 7, 'INV-2026-00007', '550000.00', '0.00', 'Lunas', NULL, NULL, NULL, NULL, NULL, NULL, NULL, NULL, NULL, '2026-03-28 00:31:07', '2026-05-20 10:30:42'),
(8, 8, 'INV-2026-00008', '200000.00', '0.00', 'Lunas', NULL, NULL, NULL, NULL, NULL, NULL, NULL, NULL, NULL, '2026-03-28 00:34:29', '2026-05-20 10:31:55'),
(9, 9, 'INV-2026-00009', '300000.00', '300000.00', 'Lunas', 'payment_proof-1774659998558-769239953.pdf', 'payment_proof-1774660037583-618503330.pdf', NULL, NULL, NULL, NULL, NULL, NULL, 'pawpaw\n[3/5/2026] Verifikasi: Rp 150.000 - Pembayaran diverifikasi\n[22/6/2026] Verifikasi: Rp 150.000 - Pembayaran diverifikasi', '2026-03-28 00:38:07', '2026-06-21 18:43:04'),
(10, 10, 'INV-2026-00010', '4500000.00', '4500000.00', 'Lunas', 'payment_proof-1782045141108-949060202.pdf', NULL, NULL, NULL, NULL, NULL, NULL, NULL, 'saya bayar 50% terlebih dahulu\n[21/6/2026] Verifikasi: Rp 4.500.000 - Pembayaran diverifikasi', '2026-06-21 12:30:45', '2026-06-21 13:23:09'),
(11, 11, 'INV-2026-00011', '450000.00', '450000.00', 'Dibatalkan', 'payment_proof-1782049692123-952989305.pdf', NULL, NULL, NULL, NULL, NULL, NULL, NULL, 'Lunas Pruy\n[21/6/2026] Verifikasi: Rp 450.000 - Pembayaran diverifikasi', '2026-06-21 13:47:45', '2026-06-21 13:52:42'),
(12, 12, 'INV-2026-00012', '510000.00', '510000.00', 'Lunas', 'payment_proof-1782056527676-181481075.pdf', NULL, NULL, NULL, NULL, NULL, NULL, NULL, 'mn\n[21/6/2026] Verifikasi: Rp 510.000 - Pembayaran diverifikasi', '2026-06-21 14:06:03', '2026-06-21 15:42:49'),
(13, 13, 'INV-2026-00013', '780000.00', '780000.00', 'Lunas', 'payment_proof-1782054749660-757544017.pdf', NULL, NULL, NULL, NULL, NULL, NULL, NULL, 'Lunas Gasgess\n[21/6/2026] Verifikasi: Rp 780.000 - Pembayaran diverifikasi', '2026-06-21 14:25:42', '2026-06-21 15:13:18'),
(14, 14, 'INV-2026-00014', '170000.00', '170000.00', 'Lunas', 'payment_proof-1782061320439-189078895.pdf', NULL, NULL, NULL, NULL, NULL, NULL, NULL, 'pp\n[22/6/2026] Verifikasi: Rp 170.000 - Pembayaran diverifikasi', '2026-06-21 17:01:40', '2026-06-21 17:02:42'),
(15, 15, 'INV-2026-00015', '9000000.00', '0.00', 'Belum Bayar', NULL, NULL, NULL, NULL, NULL, NULL, NULL, NULL, NULL, '2026-06-21 19:42:43', '2026-06-21 19:42:43'),
(16, 16, 'INV-2026-00016', '36000000.00', '0.00', 'Menunggu Verifikasi', 'payment_proof-1782139024094-80443165.pdf', NULL, NULL, NULL, NULL, NULL, NULL, NULL, '', '2026-06-21 19:43:03', '2026-06-22 14:37:04'),
(17, 17, 'INV-2026-00017', '12500000.00', '12500000.00', 'Lunas', 'payment_proof-1782113377058-447386048.pdf', 'payment_proof-1782113626934-165393022.pdf', NULL, NULL, 'skrd-1782113597909-380105576.pdf', 'kuisioner_Eva Ristiyanti_20260621.pdf', '2026-06-22 14:33:17', 4, '[22/6/2026] Verifikasi: Rp 5.000.000 - Pembayaran diverifikasi\n[22/6/2026] Verifikasi: Rp 7.500.000 - Pembayaran diverifikasi', '2026-06-21 19:49:09', '2026-06-22 11:32:55'),
(18, 18, 'INV-2026-00018', '750000.00', '750000.00', 'Lunas', 'payment_proof-1782176550864-205858376.pdf', 'payment_proof-1782176652029-851656864.pdf', NULL, NULL, 'skrd-1782176512833-481023706.pdf', 'SKRD.pdf', '2026-06-23 08:01:52', 4, 'lunas\n[23/6/2026] Verifikasi: Rp 50.000 - Pembayaran diverifikasi', '2026-06-23 01:01:14', '2026-06-23 01:04:49'),
(19, 19, 'INV-2026-00019', '900000.00', '900000.00', 'Lunas', 'payment_proof-1782183888000-545495982.pdf', NULL, NULL, NULL, 'skrd-1782182772864-148735906.pdf', 'SKRD.pdf', '2026-06-23 09:46:12', 4, 'lunas\n[23/6/2026] Verifikasi: Rp 900.000 - Pembayaran diverifikasi', '2026-06-23 02:31:21', '2026-06-23 03:06:23'),
(20, 20, 'INV-2026-00020', '900000.00', '0.00', 'Belum Bayar', NULL, NULL, NULL, NULL, NULL, NULL, NULL, NULL, NULL, '2026-06-24 08:45:32', '2026-06-24 08:45:32'),
(21, 21, 'INV-2026-00021', '450000.00', '0.00', 'Belum Bayar', NULL, NULL, NULL, NULL, NULL, NULL, NULL, NULL, NULL, '2026-06-24 09:29:47', '2026-06-24 09:29:47'),
(22, 22, 'INV-2026-00022', '300000.00', '0.00', 'Belum Bayar', NULL, NULL, NULL, NULL, NULL, NULL, NULL, NULL, NULL, '2026-06-24 09:30:28', '2026-06-24 09:30:28'),
(23, 23, 'INV-2026-00023', '18000000.00', '0.00', 'Belum Bayar', NULL, NULL, NULL, NULL, NULL, NULL, NULL, NULL, NULL, '2026-06-24 09:31:21', '2026-06-24 09:31:21'),
(24, 24, 'INV-2026-00024', '450000.00', '0.00', 'Belum Bayar', NULL, NULL, NULL, NULL, NULL, NULL, NULL, NULL, NULL, '2026-06-24 09:32:04', '2026-06-24 09:32:04'),
(25, 25, 'INV-2026-00025', '12500000.00', '0.00', 'Belum Bayar', NULL, NULL, NULL, NULL, NULL, NULL, NULL, NULL, NULL, '2026-06-24 09:54:20', '2026-06-24 09:54:20'),
(26, 26, 'INV-2026-00026', '170000.00', '170000.00', 'Lunas', 'payment_proof-1782296873782-982508411.pdf', NULL, NULL, NULL, 'skrd-1782528197627-619016561.pdf', '(SK) 2318039_Eolia Shalbillah Gadis Suwandi.pdf', '2026-06-27 09:43:17', 4, '[27/6/2026] Verifikasi: Rp 170.000 - makasih', '2026-06-24 09:59:41', '2026-06-27 02:46:26'),
(27, 27, 'INV-2026-00027', '1000000.00', '1000000.00', 'Lunas', 'payment_proof-1782631629991-574703913.pdf', NULL, NULL, NULL, 'skrd-1782613196980-564448509.pdf', 'SKRD.pdf', '2026-06-28 09:19:56', 4, 'done\n[28/6/2026] Verifikasi: Rp 1.000.000 - thanks', '2026-06-28 02:11:52', '2026-06-28 07:29:29'),
(28, 28, 'INV-2026-00028', '750000.00', '0.00', 'Belum Bayar', NULL, NULL, NULL, NULL, 'skrd-1782632727591-564238749.pdf', 'Form_Uji_MK_001_VI_2026.pdf', '2026-06-28 14:45:27', 12, NULL, '2026-06-28 07:24:49', '2026-06-28 07:45:27'),
(30, 30, 'INV-2026-00030', '0.00', '0.00', 'Belum Bayar', NULL, NULL, NULL, NULL, NULL, NULL, NULL, NULL, NULL, '2026-07-03 23:38:18', '2026-07-03 23:38:18'),
(31, 31, 'INV-2026-00031', '0.00', '0.00', 'Belum Bayar', NULL, NULL, NULL, NULL, NULL, NULL, NULL, NULL, NULL, '2026-07-03 23:43:17', '2026-07-03 23:43:17'),
(32, 32, 'INV-2026-00032', '0.00', '0.00', 'Belum Bayar', NULL, NULL, NULL, NULL, NULL, NULL, NULL, NULL, NULL, '2026-07-03 23:47:09', '2026-07-03 23:47:09'),
(33, 33, 'INV-2026-00033', '0.00', '0.00', 'Belum Bayar', NULL, NULL, NULL, NULL, NULL, NULL, NULL, NULL, NULL, '2026-07-04 00:08:00', '2026-07-04 00:08:00'),
(34, 34, 'INV-2026-00034', '0.00', '0.00', 'Belum Bayar', NULL, NULL, NULL, NULL, NULL, NULL, NULL, NULL, NULL, '2026-07-04 00:16:02', '2026-07-04 00:16:02'),
(35, 35, 'INV-2026-00035', '0.00', '0.00', 'Belum Bayar', NULL, NULL, NULL, NULL, NULL, NULL, NULL, NULL, NULL, '2026-07-04 00:20:17', '2026-07-04 00:20:17'),
(36, 36, 'INV-2026-00036', '0.00', '0.00', 'Belum Bayar', NULL, NULL, NULL, NULL, NULL, NULL, NULL, NULL, NULL, '2026-07-04 00:25:01', '2026-07-04 00:25:01'),
(37, 37, 'INV-2026-00037', '210000.00', '0.00', 'Belum Bayar', NULL, NULL, NULL, NULL, NULL, NULL, NULL, NULL, NULL, '2026-07-04 01:56:27', '2026-07-04 01:56:27'),
(38, 38, 'INV-2026-00038', '450000.00', '0.00', 'Belum Bayar', NULL, NULL, NULL, NULL, NULL, NULL, NULL, NULL, NULL, '2026-07-04 02:04:39', '2026-07-04 02:04:39'),
(39, 39, 'INV-2026-00039', '540000.00', '0.00', 'Belum Bayar', NULL, NULL, NULL, NULL, NULL, NULL, NULL, NULL, NULL, '2026-07-04 02:08:23', '2026-07-04 02:08:23'),
(40, 40, 'INV-2026-00040', '780000.00', '780000.00', 'Lunas', 'payment_proof-1783171187657-845838407.pdf', NULL, '2026-07-04 20:19:48', NULL, NULL, NULL, NULL, NULL, 'lunas', '2026-07-04 02:13:42', '2026-07-04 13:24:47'),
(41, 41, 'INV-2026-00041', '360000.00', '0.00', 'Lunas', 'payment_proof-1783170218009-128084911.pdf', NULL, '2026-07-04 20:03:38', NULL, NULL, NULL, NULL, NULL, 'lunas ya', '2026-07-04 02:20:52', '2026-07-04 13:13:37'),
(42, 42, 'INV-2026-00042', '3800000.00', '0.00', 'Menunggu Verifikasi', NULL, NULL, NULL, NULL, 'skrd-1783168176222-728207722.pdf', NULL, NULL, NULL, NULL, '2026-07-04 02:24:58', '2026-07-04 12:56:35'),
(43, 43, 'INV-2026-00043', '5500000.00', '5500000.00', 'Lunas', 'payment_proof-1783180058537-239630903.pdf', NULL, '2026-07-04 22:47:39', NULL, 'skrd-1783179990507-484988325.pdf', 'SKRD.pdf', '2026-07-04 22:46:31', 12, 'orang kaya bray langsung lunas\n[04/07/2026] Verifikasi: Rp 5500000 - oh iya deh', '2026-07-04 15:16:33', '2026-07-04 15:48:31'),
(44, 44, 'INV-2026-00044', '285000.00', '285000.00', 'Lunas', 'payment_proof-1783183810539-647630127.pdf', NULL, '2026-07-04 23:50:11', NULL, NULL, NULL, NULL, NULL, '', '2026-07-04 16:49:53', '2026-07-04 16:50:32'),
(45, 45, 'INV-2026-00045', '1200000.00', '1200000.00', 'Lunas', 'payment_proof-1783184329950-640831426.pdf', NULL, '2026-07-04 23:58:50', NULL, NULL, NULL, NULL, NULL, '', '2026-07-04 16:58:26', '2026-07-04 16:59:12'),
(46, 46, 'INV-2026-00046', '1200000.00', '1200000.00', 'Lunas', 'payment_proof-1783185775082-954669434.pdf', NULL, '2026-07-05 00:22:55', NULL, NULL, NULL, NULL, NULL, '', '2026-07-04 17:22:38', '2026-07-04 17:23:16'),
(47, 47, 'INV-2026-00047', '450000.00', '450000.00', 'Lunas', 'payment_proof-1783187119139-452817832.pdf', NULL, '2026-07-05 00:45:19', NULL, NULL, NULL, NULL, NULL, '', '2026-07-04 17:45:01', '2026-07-04 17:45:38'),
(48, 48, 'INV-2026-00048', '170000.00', '170000.00', 'Lunas', 'payment_proof-1783187715560-106147611.pdf', NULL, '2026-07-05 00:55:16', NULL, NULL, NULL, NULL, NULL, '', '2026-07-04 17:55:01', '2026-07-04 17:55:42'),
(49, 49, 'INV-2026-00049', '450000.00', '450000.00', 'Lunas', 'payment_proof-1783188463958-192633834.pdf', NULL, '2026-07-05 01:07:44', NULL, NULL, NULL, NULL, NULL, '', '2026-07-04 18:07:22', '2026-07-04 18:08:48'),
(50, 50, 'INV-2026-00050', '270000.00', '270000.00', 'Lunas', 'payment_proof-1783188954387-230107771.pdf', NULL, '2026-07-05 01:15:54', NULL, NULL, NULL, NULL, NULL, '', '2026-07-04 18:14:48', '2026-07-04 18:16:25');

-- --------------------------------------------------------

--
-- Table structure for table `services`
--

CREATE TABLE `services` (
  `id` int NOT NULL,
  `category_id` int NOT NULL,
  `test_type_id` int NOT NULL,
  `service_name` varchar(255) NOT NULL,
  `min_sample` varchar(100) DEFAULT NULL,
  `satuan` varchar(50) DEFAULT 'sample',
  `duration_days` int DEFAULT NULL COMMENT 'Estimasi hari pengerjaan',
  `price` decimal(15,2) NOT NULL DEFAULT '0.00',
  `method` varchar(255) DEFAULT NULL COMMENT 'Metode pengujian (SNI, dll)',
  `kan` enum('Ya','Tidak') DEFAULT 'Tidak',
  `created_at` timestamp NULL DEFAULT CURRENT_TIMESTAMP
) ENGINE=InnoDB DEFAULT CHARSET=utf8mb4 COLLATE=utf8mb4_0900_ai_ci;

--
-- Dumping data for table `services`
--

INSERT INTO `services` (`id`, `category_id`, `test_type_id`, `service_name`, `min_sample`, `satuan`, `duration_days`, `price`, `method`, `kan`, `created_at`) VALUES
(1, 1, 1, 'Pengujian Keausan Agregat Dengan Mesin Abrasi Los Angeles', '20', 'Kilogram', 14, '90000.00', 'SNI 2417:2008', 'Ya', '2026-03-27 16:13:34'),
(2, 1, 1, 'Pengujian Analisis Saringan Agregat Halus dan Kasar', '5', 'Kilogram', 14, '110000.00', 'SNI ASTM C136:2012', 'Ya', '2026-03-27 16:13:34'),
(3, 1, 1, 'Pengujian Berat Jenis dan Penyerapan Air Agregat Halus', '3', 'Kilogram', 14, '150000.00', 'SNI 1970:2016', 'Ya', '2026-03-27 16:13:34'),
(4, 1, 1, 'Pengujian Berat Jenis dan Penyerapan Air Agregat Kasar', '3', 'Kilogram', 14, '90000.00', 'SNI 1969:2016', 'Ya', '2026-03-27 16:13:34'),
(5, 2, 1, 'Pengujian Kadar Air Untuk Tanah dan Batuan Di Laboratorium', '2', 'Kilogram', 14, '90000.00', 'SNI 1965:2019', 'Ya', '2026-03-27 16:13:34'),
(6, 3, 1, 'Pengujian Kuat Tarik Baja Beton', '2', 'Buah', 7, '85000.00', 'SNI 07-2529-1991', 'Ya', '2026-03-27 16:13:34'),
(7, 6, 1, 'Pengujian Berat Jenis Nyata Campuran Beraspal Yang Dipadatkan Menggunakan Benda Uji Kering Permukaan Jenuh', '3', 'Buah', 7, '180000.00', 'SNI 03-6757-2002', 'Ya', '2026-03-27 16:13:34'),
(8, 6, 1, 'Pengujian Kadar Aspal Dari Campuran Beraspal Dengan Cara Sentrifus', '5', 'Kilogram', 7, '20000.00', 'SNI 03-6894-2002', 'Ya', '2026-03-27 16:13:34'),
(9, 5, 1, 'Pengujian Kuat Tekan Paving Block', '3', 'Buah', 7, '35000.00', 'BS 6717-1993 ANNEX B', 'Ya', '2026-03-27 16:13:34'),
(10, 5, 1, 'Pengujian Kuat Lentur Beton Normal Dengan Dua Titik Pembebanan', '3', 'Buah', 7, '95000.00', 'SNI 4431-2011', 'Ya', '2026-03-27 16:13:34'),
(11, 2, 1, 'Pengujian Attebergh', '5', 'Kilogram', 14, '150000.00', NULL, 'Tidak', '2026-03-27 16:13:34'),
(12, 2, 1, 'Pengujian CBR Laboratorium Rendaman (Soaked)', '50', 'Kilogram', 14, '250000.00', NULL, 'Tidak', '2026-03-27 16:13:34'),
(13, 2, 1, 'Pengujian CBR Laboratorium Tanpa Rendaman (Unsoaked)', '50', 'Kilogram', 14, '200000.00', NULL, 'Tidak', '2026-03-27 16:13:34'),
(14, 2, 1, 'Pengujian Kepadatan Ringan Untuk Tanah', '50', 'Kilogram', 14, '235000.00', NULL, 'Ya', '2026-03-27 16:13:34'),
(15, 2, 1, 'Pengujian Kepadatan Berat Untuk Tanah', '50', 'Kilogram', 14, '360000.00', NULL, 'Tidak', '2026-03-27 16:13:34'),
(16, 1, 1, 'Pengujian Berat Isi Agregat', '50', 'Kilogram', 14, '110000.00', NULL, 'Tidak', '2026-03-27 16:13:34'),
(17, 1, 1, 'Pengujian Gumpalan Lempung Dan Butiran Mudah Pecah Dalam Agregat', '5', 'Kilogram', 14, '150000.00', NULL, 'Ya', '2026-03-27 16:13:34'),
(18, 1, 1, 'Pengujian Jumlah Bahan Dalam Agregate Yang Lolos Saringan Nomor 200', '5', 'Kilogram', 14, '180000.00', NULL, 'Ya', '2026-03-27 16:13:34'),
(19, 2, 1, 'Pengujian Berat Jenis Tanah', '10', 'Kilogram', 14, '90000.00', NULL, 'Tidak', '2026-03-27 16:13:34'),
(20, 3, 1, 'Pengujian Lengkung Logam', '2', 'Buah', 7, '125000.00', NULL, 'Tidak', '2026-03-27 16:13:34'),
(21, 4, 1, 'Pengujian Kuat Tekan Mortar', '3', 'Buah', 7, '30000.00', NULL, 'Tidak', '2026-03-27 16:13:34'),
(22, 5, 2, 'Pengujian Kuat Tekan Beton Kubus', '3', 'Buah', 7, '60000.00', 'SNI 03-1974-1990', 'Ya', '2026-03-27 16:13:34'),
(23, 5, 2, 'Pengujian Kuat Tekan Beton Silinder', '3', 'Buah', 7, '60000.00', 'SNI 1974:2011', 'Ya', '2026-03-27 16:13:35'),
(24, 5, 2, 'Pengujian Inti Beton Hasil Pemboran', '3', 'Titik', 7, '100000.00', 'SNI 2492-2018', 'Ya', '2026-03-27 16:13:35'),
(25, 5, 2, 'Pengujian Densitas Tanah Di Tempat (Lapangan) Dengan Alat Konus Pasir', '3', 'Titik', 7, '400000.00', NULL, 'Tidak', '2026-03-27 16:13:35'),
(26, 5, 2, 'Pengujian CBR Lapangan', '3', 'Titik', 7, '250000.00', NULL, 'Tidak', '2026-03-27 16:13:35'),
(27, 5, 2, 'Pengujian DCP', '3', 'Titik', 7, '150000.00', NULL, 'Tidak', '2026-03-27 16:13:35'),
(28, 5, 2, 'Pengujian Angka Pantul Beton Keras/Hammer Test', '3', 'Titik', 7, '150000.00', NULL, 'Tidak', '2026-03-27 16:13:35'),
(29, 5, 2, 'Pengujian Coring Aspal Beton/Pengeboran Beton 10cm', '3', 'Titik', 7, '20000.00', NULL, 'Tidak', '2026-03-27 16:13:35'),
(30, 5, 2, 'Pengujian Coring Aspal Beton/Pengeboran Beton 20cm', '3', 'Titik', 7, '260000.00', NULL, 'Tidak', '2026-03-27 16:13:35'),
(31, 5, 2, 'Pengujian Coring Aspal Beton/Pengeboran Beton 30cm', '3', 'Titik', 7, '350000.00', NULL, 'Tidak', '2026-03-27 16:13:35'),
(32, 5, 2, 'Pengujian Daya Dukung Tanah', '2', 'Titik', 7, '100000.00', 'SNI 2828-2011', 'Tidak', '2026-03-27 16:13:35');

-- --------------------------------------------------------

--
-- Table structure for table `settings`
--

CREATE TABLE `settings` (
  `id` int NOT NULL,
  `setting_key` varchar(100) NOT NULL,
  `setting_value` text,
  `created_at` timestamp NULL DEFAULT CURRENT_TIMESTAMP,
  `updated_at` timestamp NULL DEFAULT CURRENT_TIMESTAMP ON UPDATE CURRENT_TIMESTAMP
) ENGINE=InnoDB DEFAULT CHARSET=utf8mb4 COLLATE=utf8mb4_0900_ai_ci;

--
-- Dumping data for table `settings`
--

INSERT INTO `settings` (`id`, `setting_key`, `setting_value`, `created_at`, `updated_at`) VALUES
(1, 'busy_mode_active', '1', '0000-00-00 00:00:00', '2026-07-04 14:33:08'),
(2, 'institution_name', 'UPTD Laboratorium Konstruksi Dinas PUPR', '2026-06-28 02:22:45', '2026-06-28 06:06:02'),
(3, 'address', 'Jl. Raya Lab Pengujian No. 123, Banten', '2026-06-28 02:22:45', '2026-06-28 06:06:02'),
(4, 'phone', '(021) 555-1234', '2026-06-28 02:22:45', '2026-06-28 06:06:02'),
(5, 'email', 'info@lab-uptd.gov.id', '2026-06-28 02:22:45', '2026-06-28 06:06:02'),
(6, 'website', '', '2026-06-28 02:22:45', '2026-06-28 06:06:02'),
(7, 'maintenance_mode', 'false', '2026-06-28 02:22:45', '2026-07-04 14:32:38'),
(8, 'max_upload_size', '10', '2026-06-28 02:22:45', '2026-07-04 14:32:38');

-- --------------------------------------------------------

--
-- Table structure for table `submissions`
--

CREATE TABLE `submissions` (
  `id` int NOT NULL,
  `user_id` int NOT NULL,
  `no_permohonan` varchar(100) DEFAULT NULL COMMENT 'Nomor surat permohonan dari perusahaan',
  `nama_pemohon` varchar(255) NOT NULL,
  `nama_instansi` varchar(255) DEFAULT NULL,
  `alamat_pemohon` text,
  `nomor_telepon` varchar(20) DEFAULT NULL,
  `email_pemohon` varchar(100) DEFAULT NULL,
  `nama_proyek` varchar(255) NOT NULL,
  `lokasi_proyek` varchar(255) DEFAULT NULL,
  `file_surat_permohonan` varchar(255) DEFAULT NULL,
  `file_ktp` varchar(255) DEFAULT NULL,
  `dokumen_tambahan` text,
  `catatan_tambahan` varchar(250) DEFAULT NULL,
  `catatan_admin` text,
  `jadwal_sampling` date DEFAULT NULL,
  `status` enum('Menunggu Verifikasi','Pengecekan Sampel','Belum Bayar','Menunggu SKRD Upload','Belum Lunas','Lunas','Sedang Diuji','Selesai','Dibatalkan') DEFAULT 'Menunggu Verifikasi',
  `created_at` timestamp NULL DEFAULT CURRENT_TIMESTAMP,
  `updated_at` timestamp NULL DEFAULT CURRENT_TIMESTAMP ON UPDATE CURRENT_TIMESTAMP
) ENGINE=InnoDB DEFAULT CHARSET=utf8mb4 COLLATE=utf8mb4_0900_ai_ci;

--
-- Dumping data for table `submissions`
--

INSERT INTO `submissions` (`id`, `user_id`, `no_permohonan`, `nama_pemohon`, `nama_instansi`, `alamat_pemohon`, `nomor_telepon`, `email_pemohon`, `nama_proyek`, `lokasi_proyek`, `file_surat_permohonan`, `file_ktp`, `dokumen_tambahan`, `catatan_tambahan`, `catatan_admin`, `jadwal_sampling`, `status`, `created_at`, `updated_at`) VALUES
(1, 6, 'LK-001/SKEW', 'Gadis Suwadni', 'PT. Suwandi', 'Pt. Rorojongrang', '089651588072', 'gadis123@gmail.com', 'Pembangunan', 'Gunung Sawit', 'surat_permohonan-1774651481385-480137750.pdf', 'scan_ktp-1774651481390-702876537.jpg', NULL, 'mantap jiwa', NULL, NULL, 'Menunggu Verifikasi', '2026-03-27 22:44:41', '2026-05-01 11:39:40'),
(2, 6, 'PER/A/178/I/2026', 'Gadis', 'PT. Suwandi', '1233', '089651588072', 'gadis123@gmail.com', 'Jey Mine', 'Jakarta Barat', 'surat_permohonan-1774653635498-927918769.pdf', 'scan_ktp-1774653635503-452291053.jpg', NULL, 'cakep abis', NULL, NULL, 'Menunggu Verifikasi', '2026-03-27 23:20:35', '2026-03-27 23:20:35'),
(3, 6, 'IK-001', 'Gadis', 'PT. Suwandi', 'Pt. Rorojongrang', '089651588072', 'gadis123@gmail.com', 'Pembangunan', 'Gunung Sawit', 'surat_permohonan-1774654354214-147445322.pdf', 'scan_ktp-1774654354218-982929527.png', NULL, 'sd', NULL, '2026-05-08', 'Dibatalkan', '2026-03-27 23:32:34', '2026-05-20 10:44:29'),
(4, 6, 'LK-001/SKEW', 'Gadis', 'PT. Suwandi', 'Pt. Rorojongrang', '089651588072', 'gadis123@gmail.com', 'Pembangunan', 'Gunung Sawit', 'surat_permohonan-1774656087060-90168033.pdf', 'scan_ktp-1774656087065-209392389.jpg', NULL, '', NULL, NULL, 'Menunggu Verifikasi', '2026-03-28 00:01:27', '2026-03-28 00:01:27'),
(5, 6, 'LK-001/SKEW', 'Gadis', 'PT. Suwandi', 'Pt. Rorojongrang', '089651588072', 'gadis123@gmail.com', 'Pembangunan', 'Gunung Sawit', 'surat_permohonan-1774657221105-999695002.pdf', 'scan_ktp-1774657221109-296639536.pdf', NULL, 'q', NULL, NULL, 'Dibatalkan', '2026-03-28 00:20:21', '2026-05-20 10:45:05'),
(6, 6, 'IK-001', 'Gadis', 'PT. Suwandi', 'lk', '089651588072', 'gadis123@gmail.com', 'Pembangunan', 'Gunung Sawit', 'surat_permohonan-1774657536474-957430155.pdf', 'scan_ktp-1774657536476-617510215.pdf', NULL, '', 'udah selesai', NULL, 'Selesai', '2026-03-28 00:25:36', '2026-05-20 10:08:43'),
(7, 6, 'LK-001/SKEW', 'Gadis', 'PT. Suwandi', 'k', '089651588072', 'gadis123@gmail.com', 'po', 'we', 'surat_permohonan-1774657867529-205828354.pdf', 'scan_ktp-1774657867531-10315258.pdf', NULL, 'w', NULL, NULL, 'Selesai', '2026-03-28 00:31:07', '2026-05-20 10:30:42'),
(8, 6, 'PER/A/178/I/2026', 'Gadis', 'PT. Suwandi', '1233', '089651588072', 'gadis123@gmail.com', 'Jey Mine', 'Jakarta Barat', 'surat_permohonan-1774658069569-182698023.pdf', 'scan_ktp-1774658069571-28389236.pdf', NULL, '', NULL, NULL, 'Sedang Diuji', '2026-03-28 00:34:29', '2026-05-20 10:31:59'),
(9, 6, 'PER/A/178/I/2026', 'Gadis', 'PT. Suwandi', '1233', '089651588072', 'gadis123@gmail.com', 'Jey Mine', 'Jakarta Barat', 'surat_permohonan-1774658286963-35229102.pdf', 'scan_ktp-1774658286982-629170499.pdf', NULL, '', NULL, NULL, 'Sedang Diuji', '2026-03-28 00:38:07', '2026-05-03 10:18:18'),
(10, 7, 'KA/012/VI/2026', 'Kaloka Aswara', 'PT. Ama', 'Jalan Bandung Dilan', '089651588072', 'kaloka16@gmail.com', 'Bikin Perumahan', 'Jl. Suka Cita', 'surat_permohonan-1782045044960-576012915.pdf', 'scan_ktp-1782045044975-382402831.pdf', NULL, 'Kondisi Lembab, tolong dikeringkan terlebih dahulu', 'Terima kasih', '2026-06-30', 'Selesai', '2026-06-21 12:30:45', '2026-06-21 13:40:55'),
(11, 7, 'LK-001/SKEW', 'Kaloka Aswaraa', 'PT. Ama', 'Bandung', '0254-1234567', 'kaloka16@gmail.com', 'Pembang', '123', 'surat_permohonan-1782049665352-414688375.pdf', 'scan_ktp-1782049665363-178122708.pdf', NULL, '', 'HBD', '2026-07-04', 'Selesai', '2026-06-21 13:47:45', '2026-06-21 14:23:51'),
(12, 7, 'LK-001/SKEW', 'Kaloka Aswaraa', 'PT. Ama', 'Bandung', '0254-1234567', 'kaloka16@gmail.com', 'Pembang', '123', 'surat_permohonan-1782050763620-77886580.pdf', 'scan_ktp-1782050763647-1646883.pdf', NULL, 'okokok', 'm', '2026-07-04', 'Selesai', '2026-06-21 14:06:03', '2026-06-21 15:43:34'),
(13, 7, 'LK-001/SKEW', 'Kaloka Aswaraa', 'PT. Ama', 'Bandug', '0254-1234567', 'kaloka16@gmail.com', 'Pembang', '123', 'surat_permohonan-1782051942159-699709074.pdf', 'scan_ktp-1782051942163-981452214.pdf', NULL, 'kmkm', NULL, NULL, 'Selesai', '2026-06-21 14:25:42', '2026-06-21 15:14:02'),
(14, 7, 'LK-001/SKEW', 'Kaloka Aswaraa', 'PT. Ama', 'Bandung', '0254-1234567', 'kaloka16@gmail.com', 'Pembang', '123', 'surat_permohonan-1782061300140-70305703.pdf', 'scan_ktp-1782061300144-604220184.pdf', NULL, 'wewe', 'pkpk', '2026-07-01', 'Selesai', '2026-06-21 17:01:40', '2026-06-21 18:37:28'),
(15, 8, 'DIRECT/001/2026', 'Test Langsung', 'PT Test', 'Jl Test No 1', '08123456789', 'ristyevaa68@gmail.com', 'Proyek Test Langsung', 'Kota Test', 'surat_permohonan-1782070963109-67636354.pdf', 'scan_ktp-1782070963112-808420119.pdf', 'dokumen_tambahan-1782070963114-463884194.pdf,dokumen_tambahan-1782070963116-717509635.pdf,dokumen_tambahan-1782070963118-585909883.pdf', NULL, NULL, NULL, 'Menunggu Verifikasi', '2026-06-21 19:42:43', '2026-06-21 19:42:43'),
(16, 8, 'TEST/API/2026', 'Test Pengujian', 'PT Test', 'Jl. Test No. 1', '08123456789', 'ristyevaa68@gmail.com', 'Proyek Pengujian API', 'Kota Test', 'surat_permohonan-1782070982985-945402958.pdf', 'scan_ktp-1782070983073-456060419.pdf', 'dokumen_tambahan-1782070983084-640495794.pdf,dokumen_tambahan-1782070983184-464943722.pdf,dokumen_tambahan-1782070983316-309790445.pdf', 'Test submission dari API', NULL, '1899-11-30', 'Belum Bayar', '2026-06-21 19:43:03', '2026-06-22 01:02:03'),
(17, 8, '015/sp/2026', 'evaa risty', 'itn', 'jl.simpang golf', '0987654321', 'ristyevaa68@gmail.com', 'bangun rumah', 'malang', 'surat_permohonan-1782071349925-745882812.pdf', 'scan_ktp-1782071349940-731241022.pdf', 'dokumen_tambahan-1782071349980-194980646.pdf', NULL, NULL, NULL, 'Selesai', '2026-06-21 19:49:09', '2026-06-22 13:42:10'),
(18, 7, 'LK-001/SKEW', 'Kaloka Aswaraa', 'PT. Ama', 'Bandung', '0254-1234567', 'kaloka16@gmail.com', 'Pembang', '123', 'surat_permohonan-1782176474467-304285308.pdf', 'scan_ktp-1782176474470-472303731.pdf', NULL, '', NULL, '2026-07-02', 'Selesai', '2026-06-23 01:01:14', '2026-06-23 01:05:36'),
(19, 9, '001/SP/VI/2026', 'Eolia Shalbillah Gadis Suwandi', 'PT. Suka Maju', 'Bandung, Cimahi', '089651588072', 'eolia123@gmail.com', 'Pembangunan Anyer', 'Bandung, Cimahi', 'surat_permohonan-1782181881815-902128499.pdf', 'scan_ktp-1782181881819-961238616.pdf', NULL, 'Bersih', NULL, '2026-06-25', 'Selesai', '2026-06-23 02:31:21', '2026-06-23 03:08:18'),
(20, 7, 'LK-001/SKEW', 'Kaloka Aswaraa', 'PT. Ama', 'Banudng, Cimahi', '0254-1234567', 'kaloka16@gmail.com', 'Pembang', '123', 'surat_permohonan-1782290732739-550469661.pdf', 'scan_ktp-1782290732755-644056869.pdf', NULL, 'ok', NULL, NULL, 'Menunggu Verifikasi', '2026-06-24 08:45:32', '2026-06-24 08:45:32'),
(21, 7, '001', 'Kaloka Aswaraa', 'PT. Ama', 'Banudng, Cimahi', '089651588072', 'kaloka16@gmail.com', 'Eolia Shalbillah Gadis Suwandi', 'Jakarta Barat', 'surat_permohonan-1782293387900-751211632.pdf', 'scan_ktp-1782293387912-610948321.pdf', NULL, '', NULL, NULL, 'Menunggu Verifikasi', '2026-06-24 09:29:47', '2026-06-24 09:29:47'),
(22, 7, 'PO01-987', 'Kaloka Aswaraa', 'PT. Ama', 'Banudng, Cimahi', '089651588072', 'kaloka16@gmail.com', 'Eolia Shalbillah Gadis Suwandi', 'Jakarta Barat', 'surat_permohonan-1782293428255-254354252.pdf', 'scan_ktp-1782293428258-830355768.pdf', NULL, 'mm', NULL, NULL, 'Menunggu Verifikasi', '2026-06-24 09:30:28', '2026-06-24 09:30:28'),
(23, 7, 'PER/A/178/I/2026', 'Kaloka Aswaraa', 'PT. Ama', 'Banudng, Cimahi', '089651588072', 'kaloka16@gmail.com', 'Eolia Shalbillah Gadis Suwandi', 'Jakarta Barat', 'surat_permohonan-1782293481549-86677613.pdf', 'scan_ktp-1782293481552-684481433.pdf', NULL, '123', NULL, NULL, 'Menunggu Verifikasi', '2026-06-24 09:31:21', '2026-06-24 09:31:21'),
(24, 7, 'PO01-987', 'Kaloka Aswaraa', 'PT. Ama', 'Banudng, Cimahi', '089651588072', 'kaloka16@gmail.com', 'Eolia Shalbillah Gadis Suwandi', 'Jakarta Barat', 'surat_permohonan-1782293524585-192645256.pdf', 'scan_ktp-1782293524588-896712718.pdf', NULL, 'ok', NULL, NULL, 'Menunggu Verifikasi', '2026-06-24 09:32:04', '2026-06-24 09:32:04'),
(25, 7, 'PER/A/178/I/2026', 'Kaloka Aswaraa', 'PT. Ama', 'Banudng, Cimahi', '089651588072', 'kaloka16@gmail.com', 'Eolia Shalbillah', 'Jakarta Barat', 'surat_permohonan-1782294860571-426671024.pdf', 'scan_ktp-1782294860589-828135392.pdf', NULL, 'M', NULL, NULL, 'Menunggu Verifikasi', '2026-06-24 09:54:20', '2026-06-24 09:54:20'),
(26, 7, '001/SP/VI/2026', 'Kaloka Aswaraa', 'PT. Ama', 'Banudng, Cimahi', '089651588072', 'kaloka16@gmail.com', 'Koa', 'Jakarta Barat', 'surat_permohonan-1782295181061-283663315.pdf', 'scan_ktp-1782295181077-416816092.pdf', 'lampiran_pendukung-1782295181079-871426939.pdf', 'mantap', NULL, NULL, 'Lunas', '2026-06-24 09:59:41', '2026-06-27 02:46:49'),
(27, 10, 'MK/001/VI/2026', 'Milano Keshi', 'Milan Company', 'Seoul', '829651588072', 'Milan08@gmail.com', 'Rumah', 'Busan', 'surat_permohonan-1782612712701-880178017.pdf', 'scan_ktp-1782612712718-332607695.pdf', 'lampiran_pendukung-1782612712734-941915425.pdf', 'no any', 'thanks for everthing sir', '2026-07-01', 'Selesai', '2026-06-28 02:11:52', '2026-06-28 08:03:00'),
(28, 10, 'MK/002/VI/2026', 'Milano Keshi', 'Milan Company', 'Seoul', '829651588072', 'Milan08@gmail.com', 'Jalan', 'Jeju', 'surat_permohonan-1782631489372-525173471.pdf', 'scan_ktp-1782631489519-280702896.pdf', 'lampiran_pendukung-1782631489529-12174339.pdf', 'no anything', NULL, NULL, 'Dibatalkan', '2026-06-28 07:24:49', '2026-06-28 08:14:38'),
(30, 14, NULL, 'Jelita Koejora', 'PT. Koejora', 'Busan', '089651588072', NULL, 'Jelita Company', 'Jeju', 'surat_permohonan-1783121898477-991046244.pdf', 'scan_ktp-1783121898482-631105045.pdf', 'lampiran_pendukung-1783121898504-768619609.pdf', NULL, NULL, NULL, 'Menunggu Verifikasi', '2026-07-03 23:38:18', '2026-07-03 23:38:18'),
(31, 14, NULL, 'Jelita Koejora', 'PT. Koejora', 'Busan', '089651588072', NULL, 'Jelita Company', 'Jeju', 'surat_permohonan-1783122197363-194040725.pdf', 'scan_ktp-1783122197369-191970687.pdf', 'lampiran_pendukung-1783122197393-280325088.pdf', NULL, NULL, NULL, 'Menunggu Verifikasi', '2026-07-03 23:43:17', '2026-07-03 23:43:17'),
(32, 14, NULL, 'Jelita Koejora', 'PT. Koejora', 'Busan', '089651588072', NULL, 'Koejora Company', 'Jeju', 'surat_permohonan-1783122429209-166490090.pdf', 'scan_ktp-1783122429214-224424894.pdf', 'lampiran_pendukung-1783122429219-618079252.pdf', NULL, NULL, NULL, 'Menunggu Verifikasi', '2026-07-03 23:47:09', '2026-07-03 23:47:09'),
(33, 14, NULL, 'Jelita Koejora', 'PT. Koejora', 'Busan', '089651588072', NULL, 'Jelita Company', 'Jeju', 'surat_permohonan-1783123680250-455605577.pdf', 'scan_ktp-1783123680256-523305432.pdf', 'lampiran_pendukung-1783123680265-851221104.pdf', NULL, NULL, NULL, 'Menunggu Verifikasi', '2026-07-04 00:08:00', '2026-07-04 00:08:00'),
(34, 14, NULL, 'Jelita Koejora', 'PT. Koejora', 'Busan', '089651588072', NULL, 'Jelita Company', 'Jeju', 'surat_permohonan-1783124162384-968295325.pdf', 'scan_ktp-1783124162390-271282275.pdf', 'lampiran_pendukung-1783124162400-211274328.pdf', NULL, NULL, NULL, 'Menunggu Verifikasi', '2026-07-04 00:16:02', '2026-07-04 00:16:02'),
(35, 14, NULL, 'Jelita Koejora', 'PT. Koejora', 'Busan', '089651588072', NULL, 'Koejora Company', 'Jeju', 'surat_permohonan-1783124417453-36847767.pdf', 'scan_ktp-1783124417461-210614448.pdf', 'lampiran_pendukung-1783124417470-256200014.pdf', NULL, NULL, NULL, 'Menunggu Verifikasi', '2026-07-04 00:20:17', '2026-07-04 00:20:17'),
(36, 14, NULL, 'Jelita Koejora', 'PT. Koejora', 'Busan', '089651588072', NULL, 'Koejora Company', 'Jeju', 'surat_permohonan-1783124701822-113647868.pdf', 'scan_ktp-1783124701831-206956435.pdf', 'lampiran_pendukung-1783124701841-364861423.pdf', NULL, NULL, NULL, 'Menunggu Verifikasi', '2026-07-04 00:25:01', '2026-07-04 00:25:01'),
(37, 14, NULL, 'Jelita Koejora', 'PT. Koejora', 'Busan', '089651588072', NULL, 'Koejora Company', 'Jeju', 'surat_permohonan-1783130187087-668062151.pdf', 'scan_ktp-1783130187093-992054178.pdf', 'lampiran_pendukung-1783130187100-338673830.pdf', NULL, NULL, NULL, 'Menunggu Verifikasi', '2026-07-04 01:56:27', '2026-07-04 01:56:27'),
(38, 14, NULL, 'Jelita Koejora', 'PT. Koejora', '2', '829651588072', NULL, 'Jalan', 'Jeju', 'surat_permohonan-1783130679277-782066267.pdf', 'scan_ktp-1783130679287-44289003.pdf', 'lampiran_pendukung-1783130679310-21463486.pdf', NULL, NULL, NULL, 'Menunggu Verifikasi', '2026-07-04 02:04:39', '2026-07-04 02:04:39'),
(39, 14, NULL, 'Jelita Koejora', 'PT. Koejora', 'Jeju, South Korean', '089651588072', NULL, 'Koejora Company', 'Jeju', 'surat_permohonan-1783130903538-122640100.pdf', 'scan_ktp-1783130903542-419031580.pdf', 'lampiran_pendukung-1783130903548-457522750.pdf', NULL, NULL, NULL, 'Menunggu Verifikasi', '2026-07-04 02:08:23', '2026-07-04 02:08:23'),
(40, 14, 'MK/002/VI/2026', 'Jelita Koejora', 'PT. Koejora', 'Jeju, South Korean', '829651588072', NULL, 'Jalan', 'Jeju', 'surat_permohonan-1783131222556-275488066.pdf', 'scan_ktp-1783131222566-532595595.pdf', 'lampiran_pendukung-1783131222578-586051982.pdf', NULL, NULL, NULL, 'Menunggu Verifikasi', '2026-07-04 02:13:42', '2026-07-04 02:13:42'),
(41, 14, 'JK/021/VII/2026', 'Jelita Koejora', 'PT. Koejora', 'Busan', '089651588072', NULL, 'Koejora Company', 'Jeju', 'surat_permohonan-1783131652693-430676014.pdf', 'scan_ktp-1783131652713-731661307.pdf', 'lampiran_pendukung-1783131652718-839128496.pdf', NULL, NULL, NULL, 'Lunas', '2026-07-04 02:20:52', '2026-07-04 13:13:38'),
(42, 14, 'MK/019/VII/2026', 'Jelita Koejora', 'PT. Koejora', 'Busan', '829651588072', 'jelita12@gmail.com', 'Jelita Company', 'Jeju', 'surat_permohonan-1783131898455-288934347.pdf', 'scan_ktp-1783131898487-866801445.pdf', 'lampiran_pendukung-1783131898513-655716801.pdf', NULL, NULL, NULL, 'Sedang Diuji', '2026-07-04 02:24:58', '2026-07-04 14:14:51'),
(43, 15, 'RKY/001/A/VII/2026', 'K Rayan', 'PT. Rayan K', 'So Lali Lali', '089651588072', 'krayan16@gmail.com', 'Rayan K Company', 'Lali Lali So', 'surat_permohonan-1783178193331-227219698.pdf', 'scan_ktp-1783178193462-707689717.pdf', 'lampiran_pendukung-1783178193481-905307461.pdf', NULL, NULL, '2026-07-19', 'Selesai', '2026-07-04 15:16:33', '2026-07-04 15:56:47'),
(44, 15, 'JK/021/VII/2026', 'K Rayann', 'PT. Rayan KK', 'So Lali Lali', '089651588072', 'krayan16@gmail.com', 'Koejora Company', 'Jeju', 'surat_permohonan-1783183793934-20586755.pdf', 'scan_ktp-1783183793938-137740555.pdf', 'lampiran_pendukung-1783183793940-770944701.pdf', NULL, NULL, NULL, 'Menunggu Verifikasi', '2026-07-04 16:49:53', '2026-07-04 16:50:53'),
(45, 15, 'MK/019/VII/2026', 'K Rayann', 'PT. Rayan KK', 'So Lali Lali', '829651588072', 'krayan16@gmail.com', 'Jelita Company', 'Jeju', 'surat_permohonan-1783184306734-420039478.pdf', 'scan_ktp-1783184306740-335662057.pdf', 'lampiran_pendukung-1783184306743-318854742.pdf', NULL, NULL, NULL, 'Selesai', '2026-07-04 16:58:26', '2026-07-04 17:09:33'),
(46, 15, 'MK/019/VII/2026', 'K Rayann', 'PT. Rayan KK', 'ko', '829651588072', 'krayan16@gmail.com', 'Jelita Company', 'Jeju', 'surat_permohonan-1783185758512-436305821.pdf', 'scan_ktp-1783185758517-602487643.pdf', 'lampiran_pendukung-1783185758520-785502820.pdf', NULL, NULL, NULL, 'Selesai', '2026-07-04 17:22:38', '2026-07-04 17:24:01'),
(47, 15, 'MK/019/VII/2026', 'K Rayann', 'PT. Rayan KK', 'bu', '829651588072', 'krayan16@gmail.com', 'Jelita Company', 'Jeju', 'surat_permohonan-1783187101869-608738474.pdf', 'scan_ktp-1783187101872-729529695.pdf', 'lampiran_pendukung-1783187101876-503822283.pdf', NULL, NULL, '2026-07-05', 'Selesai', '2026-07-04 17:45:01', '2026-07-04 17:46:02'),
(48, 15, 'LK-001/SKEW', 'K Rayann', 'PT. Rayan KK', 'bj', '089651588072', 'krayan16@gmail.com', 'Pembang', 'Jakarta Barat', 'surat_permohonan-1783187701139-915114949.pdf', 'scan_ktp-1783187701142-260273006.pdf', NULL, NULL, NULL, '2026-07-05', 'Selesai', '2026-07-04 17:55:01', '2026-07-04 17:56:18'),
(49, 15, 'MK/019/VII/2026', 'K Rayann', 'PT. Rayan KK', 'j', '829651588072', 'krayan16@gmail.com', 'Jelita Company', 'Jeju', 'surat_permohonan-1783188442320-937114575.pdf', 'scan_ktp-1783188442323-785429529.pdf', 'lampiran_pendukung-1783188442326-253516483.pdf', NULL, NULL, '2026-07-05', 'Selesai', '2026-07-04 18:07:22', '2026-07-04 18:09:13'),
(50, 15, 'LK-001/SKEW', 'K Rayann', 'PT. Rayan KK', 'ok', '089651588072', 'krayan16@gmail.com', 'Pembang', 'Jakarta Barat', 'surat_permohonan-1783188888360-849458208.pdf', 'scan_ktp-1783188888367-843066575.pdf', NULL, NULL, NULL, NULL, 'Selesai', '2026-07-04 18:14:48', '2026-07-04 18:16:42');

--
-- Triggers `submissions`
--
DELIMITER $$
CREATE TRIGGER `trg_create_payment_after_submission` AFTER INSERT ON `submissions` FOR EACH ROW BEGIN
    INSERT INTO payments (
        submission_id, 
        no_invoice
    ) VALUES (
        NEW.id,
        CONCAT('INV-', YEAR(NOW()), '-', LPAD(NEW.id, 5, '0'))
    );
END
$$
DELIMITER ;

-- --------------------------------------------------------

--
-- Table structure for table `submission_samples`
--

CREATE TABLE `submission_samples` (
  `id` int NOT NULL,
  `submission_id` int NOT NULL,
  `jenis_sample` varchar(255) DEFAULT NULL COMMENT 'Jenis sample uji (misal: Beton, Aspal, Tanah)',
  `nama_identitas_sample` varchar(255) DEFAULT NULL COMMENT 'Nama/identitas spesifik sample',
  `jumlah_sample_angka` int NOT NULL DEFAULT '1',
  `jumlah_sample_satuan` enum('Buah','Kilogram','sample','Titik','Liter','Meter') DEFAULT 'sample',
  `tanggal_pengambilan` date DEFAULT NULL,
  `kemasan_sample` varchar(100) DEFAULT NULL,
  `asal_sample` varchar(255) DEFAULT NULL,
  `sample_diambil_oleh` enum('Pelanggan','Laboratorium','Pihak Ketiga') DEFAULT 'Pelanggan',
  `test_type_id` int NOT NULL,
  `test_category_id` int NOT NULL,
  `service_id` int NOT NULL,
  `price_at_time` decimal(15,2) NOT NULL,
  `method_at_time` varchar(255) DEFAULT NULL,
  `estimasi_selesai` date DEFAULT NULL,
  `created_at` timestamp NULL DEFAULT CURRENT_TIMESTAMP
) ENGINE=InnoDB DEFAULT CHARSET=utf8mb4 COLLATE=utf8mb4_0900_ai_ci;

--
-- Dumping data for table `submission_samples`
--

INSERT INTO `submission_samples` (`id`, `submission_id`, `jenis_sample`, `nama_identitas_sample`, `jumlah_sample_angka`, `jumlah_sample_satuan`, `tanggal_pengambilan`, `kemasan_sample`, `asal_sample`, `sample_diambil_oleh`, `test_type_id`, `test_category_id`, `service_id`, `price_at_time`, `method_at_time`, `estimasi_selesai`, `created_at`) VALUES
(1, 1, 'Agregat', 'Agregrat Lembut 250', 20, 'Kilogram', '2026-03-31', 'Plastik', 'Gudang', 'Pelanggan', 1, 1, 1, '90000.00', 'SNI 2417:2008', NULL, '2026-03-27 22:44:41'),
(2, 2, 'Beton', 'Beton Keras ', 3, 'Buah', '2026-03-29', 'Safe Box', 'Gudang', 'Pelanggan', 2, 5, 10, '95000.00', 'SNI 4431-2011', NULL, '2026-03-27 23:20:35'),
(3, 3, 'Tanah', 'Agregrat Lembut 250', 3, 'Titik', '2026-03-28', 'Plastik', 'Gudang', 'Pelanggan', 2, 2, 25, '400000.00', '-', NULL, '2026-03-27 23:32:34'),
(4, 4, 'Beton', 'Agregrat Lembut 250', 50, 'Kilogram', '2026-03-28', 'Plastik', 'Gudang', 'Pelanggan', 1, 1, 16, '110000.00', '-', NULL, '2026-03-28 00:01:27'),
(5, 5, 'Beton', 'Agregrat Lembut 250', 50, 'Kilogram', '2026-03-28', 'Plastik', 'Gudang', 'Pelanggan', 1, 1, 16, '110000.00', '-', NULL, '2026-03-28 00:20:21'),
(6, 6, 'Agregat,Besi', 'Agregrat Lembut 250', 3, 'Titik', '2026-03-28', 'Plastik', 'Gudang', 'Pelanggan', 2, 5, 27, '150000.00', '-', NULL, '2026-03-28 00:25:36'),
(7, 7, 'Agregat', 'halus', 5, 'Kilogram', '2026-03-28', 'gudang', 'kas', 'Pelanggan', 1, 1, 2, '110000.00', 'SNI ASTM C136:2012', NULL, '2026-03-28 00:31:07'),
(8, 8, 'Tanah', 'Beton Keras ', 2, 'Titik', '2026-03-28', 'Safe Box', 'Gudang', 'Pelanggan', 2, 2, 32, '100000.00', 'SNI 2828-2011', NULL, '2026-03-28 00:34:29'),
(9, 9, 'Beton', 'Beton Keras ', 3, 'Titik', '2026-03-28', 'Safe Box', 'Gudang', 'Pelanggan', 2, 5, 24, '100000.00', 'SNI 2492-2018', NULL, '2026-03-28 00:38:07'),
(10, 10, 'Beton', 'Silinder Benton K-250', 50, 'Kilogram', '2026-06-27', 'Safe Box', 'Gudang', 'Pihak Ketiga', 1, 1, 1, '90000.00', 'SNI 2417:2008', NULL, '2026-06-21 12:30:45'),
(11, 11, 'Beton', 'Beton Keras ', 3, 'Titik', '2026-06-21', 'Plastik', 'Lapangan', 'Pelanggan', 2, 5, 27, '150000.00', '-', NULL, '2026-06-21 13:47:45'),
(12, 12, 'Beton', 'Beton Keras ', 6, 'Buah', '2026-06-21', 'Plastik', 'Lapangan', 'Pelanggan', 1, 5, 6, '85000.00', 'SNI 07-2529-1991', NULL, '2026-06-21 14:06:03'),
(13, 13, 'Beton', 'Beton Keras ', 3, 'Titik', '2026-06-21', 'Plastik', 'Lapangan', 'Pelanggan', 2, 5, 30, '260000.00', '-', NULL, '2026-06-21 14:25:42'),
(14, 14, 'Aspal', 'Beton Keras ', 2, 'Buah', '2026-06-22', 'Plastik', 'Lapangan', 'Pelanggan', 1, 5, 6, '85000.00', 'SNI 07-2529-1991', NULL, '2026-06-21 17:01:40'),
(15, 15, 'Beton', 'Silinder Beton K-350', 5, 'sample', '2026-06-22', 'Kantong', 'Lapangan', 'Pelanggan', 1, 5, 1, '1800000.00', 'SNI Test', NULL, '2026-06-21 19:42:43'),
(16, 16, 'Beton', 'Silinder Beton K-350', 20, 'sample', '2026-06-22', 'Kantong', 'Lapangan', 'Pelanggan', 1, 5, 1, '1800000.00', 'SNI 03-1968-1990', NULL, '2026-06-21 19:43:03'),
(17, 17, 'Aspal', 'beton', 50, 'Kilogram', '2026-06-22', 'ember', 'lapangan', 'Pelanggan', 1, 2, 12, '250000.00', '-', NULL, '2026-06-21 19:49:10'),
(18, 18, 'Timah', 'Beton Keras ', 5, 'Kilogram', '2026-06-23', 'Safe Box', 'Lapangan', 'Pelanggan', 1, 1, 17, '150000.00', '-', NULL, '2026-06-23 01:01:14'),
(19, 19, 'Tanah', 'Tanah', 10, 'Kilogram', '2026-06-23', 'Safe Box', 'Lapangan', 'Pelanggan', 1, 2, 19, '90000.00', '-', NULL, '2026-06-23 02:31:21'),
(20, 20, 'Timah', 'Timah Mentah', 5, 'Kilogram', '2026-06-24', 'Safe Box', 'Lapangan', 'Pelanggan', 1, 1, 18, '180000.00', '-', NULL, '2026-06-24 08:45:32'),
(21, 21, 'Timah', 'Biji Timah', 3, 'Kilogram', '2026-06-24', 'Safe Box', 'Gudang', 'Pelanggan', 1, 1, 3, '150000.00', 'SNI 1970:2016', NULL, '2026-06-24 09:29:47'),
(22, 22, 'Timah', 'Biji Timah', 3, 'Titik', '2026-06-24', 'Safe Box', 'Gudang', 'Pelanggan', 2, 5, 24, '100000.00', 'SNI 2492-2018', NULL, '2026-06-24 09:30:28'),
(23, 23, 'Timah', 'Biji Timah', 50, 'Kilogram', '2026-06-24', 'Safe Box', 'Gudang', 'Pelanggan', 1, 2, 15, '360000.00', '-', NULL, '2026-06-24 09:31:21'),
(24, 24, 'Timah', 'Biji Timah', 3, 'Titik', '2026-06-24', 'Safe Box', 'Gudang', 'Pelanggan', 2, 5, 27, '150000.00', '-', NULL, '2026-06-24 09:32:04'),
(25, 25, 'Timah', 'Biji Timah', 50, 'Kilogram', '2026-06-24', 'Safe Box', 'Gudang', 'Pelanggan', 1, 2, 12, '250000.00', '-', NULL, '2026-06-24 09:54:20'),
(26, 26, 'Timah', 'Biji Timah', 2, 'Buah', '2026-06-24', 'Safe Box', 'Gudang', 'Pelanggan', 1, 5, 6, '85000.00', 'SNI 07-2529-1991', NULL, '2026-06-24 09:59:41'),
(27, 27, 'Aspal', 'Aspal Hitam Lembut', 50, 'Kilogram', '2026-06-28', 'Safe Box', 'Lapangan', 'Pelanggan', 2, 6, 8, '20000.00', 'SNI 03-6894-2002', NULL, '2026-06-28 02:11:52'),
(28, 28, 'Beton', 'Beton Keras ', 5, 'Titik', '2026-06-28', 'Safe Box', 'Gudang', 'Pihak Ketiga', 2, 5, 28, '150000.00', '-', NULL, '2026-06-28 07:24:49'),
(30, 37, 'Mortar', 'Mortar', 7, 'Buah', '2026-07-04', NULL, NULL, 'Pelanggan', 1, 4, 21, '30000.00', '-', '2026-07-21', '2026-07-04 01:56:27'),
(31, 38, 'Beton', 'Beton Keras ', 3, 'Titik', '2026-07-04', NULL, NULL, 'Pelanggan', 2, 5, 27, '150000.00', '-', '2026-07-21', '2026-07-04 02:04:39'),
(32, 39, 'Tanah', 'Tanah', 6, 'Kilogram', '2026-07-04', NULL, NULL, 'Pelanggan', 1, 2, 5, '90000.00', 'SNI 1965:2019', '2026-07-28', '2026-07-04 02:08:23'),
(33, 40, 'Aspal', 'Aspal Hitam Lembut', 39, 'Titik', '2026-07-04', NULL, NULL, 'Pelanggan', 2, 5, 29, '20000.00', 'SNI 2417:2008', '2026-07-21', '2026-07-04 02:13:42'),
(34, 41, 'Beton', 'Beton Kubus', 6, 'Buah', '2026-07-04', 'Safe Box', 'Gufdang', 'Pelanggan', 2, 5, 23, '60000.00', 'SNI 1974:2011', '2026-07-21', '2026-07-04 02:20:52'),
(35, 42, 'Beton', 'Beton Keras ', 38, 'Titik', '2026-07-13', 'Safe Box', 'Lapangan', 'Pelanggan', 2, 5, 24, '100000.00', 'SNI 2492-2018', '2026-07-30', '2026-07-04 02:24:58'),
(36, 43, 'Agregat', 'Agregat lembut', 50, 'Kilogram', '2026-07-04', 'Safe Box', 'Lapangan', 'Pelanggan', 1, 1, 16, '110000.00', 'SNI 1969:2012', '2026-07-28', '2026-07-04 15:16:33'),
(37, 44, 'Beton', 'Beton Kubus', 3, 'Buah', '2026-07-04', 'Safe Box', 'Gufdang', 'Pelanggan', 1, 5, 10, '95000.00', 'SNI 4431-2011', '2026-07-21', '2026-07-04 16:49:53'),
(38, 45, 'Beton', 'Beton Keras ', 3, 'Titik', '2026-07-04', 'Safe Box', 'Lapangan', 'Pelanggan', 2, 5, 25, '400000.00', '-', '2026-07-21', '2026-07-04 16:58:26'),
(39, 46, 'Beton', 'Beton Keras ', 3, 'Titik', '2026-07-05', 'Safe Box', 'Lapangan', 'Pelanggan', 2, 5, 25, '400000.00', 'hea', '2026-07-22', '2026-07-04 17:22:38'),
(40, 47, 'Beton', 'Beton Keras ', 3, 'Titik', '2026-07-05', 'Safe Box', 'Lapangan', 'Pelanggan', 2, 5, 28, '150000.00', 'lplplplpl', '2026-07-22', '2026-07-04 17:45:01'),
(41, 48, 'Beton', '123', 2, 'Buah', '2026-07-05', 'Safe Box', 'Gudang', 'Pelanggan', 1, 3, 6, '85000.00', 'SNI 07-2529-1991', '2026-07-22', '2026-07-04 17:55:01'),
(42, 49, 'Beton', 'Beton Keras ', 3, 'Titik', '2026-07-05', 'Safe Box', 'Lapangan', 'Pelanggan', 2, 5, 28, '150000.00', 'asdfhjl', '2026-07-22', '2026-07-04 18:07:22'),
(43, 50, 'Beton', 'Lembut', 3, 'Kilogram', '2026-07-05', 'Safe Box', 'Gufdang', 'Pelanggan', 1, 1, 4, '90000.00', 'SNI 1969:2016', '2026-07-29', '2026-07-04 18:14:48');

--
-- Triggers `submission_samples`
--
DELIMITER $$
CREATE TRIGGER `trg_update_payment_total_delete` AFTER DELETE ON `submission_samples` FOR EACH ROW BEGIN
    CALL sp_update_payment_total(OLD.submission_id);
END
$$
DELIMITER ;
DELIMITER $$
CREATE TRIGGER `trg_update_payment_total_insert` AFTER INSERT ON `submission_samples` FOR EACH ROW BEGIN
    CALL sp_update_payment_total(NEW.submission_id);
END
$$
DELIMITER ;
DELIMITER $$
CREATE TRIGGER `trg_update_payment_total_update` AFTER UPDATE ON `submission_samples` FOR EACH ROW BEGIN
    CALL sp_update_payment_total(NEW.submission_id);
END
$$
DELIMITER ;

-- --------------------------------------------------------

--
-- Table structure for table `test_categories`
--

CREATE TABLE `test_categories` (
  `id` int NOT NULL,
  `test_type_id` int NOT NULL,
  `category_name` varchar(100) NOT NULL,
  `created_at` timestamp NULL DEFAULT CURRENT_TIMESTAMP
) ENGINE=InnoDB DEFAULT CHARSET=utf8mb4 COLLATE=utf8mb4_0900_ai_ci;

--
-- Dumping data for table `test_categories`
--

INSERT INTO `test_categories` (`id`, `test_type_id`, `category_name`, `created_at`) VALUES
(1, 1, 'Agregat', '2026-02-28 08:55:51'),
(2, 1, 'Tanah', '2026-02-28 08:55:51'),
(3, 1, 'Besi / Baja', '2026-02-28 08:55:51'),
(4, 1, 'Mortar / Lainnya', '2026-02-28 08:55:51'),
(5, 2, 'Beton', '2026-02-28 08:55:51'),
(6, 2, 'Aspal', '2026-02-28 08:55:51');

-- --------------------------------------------------------

--
-- Table structure for table `test_reports`
--

CREATE TABLE `test_reports` (
  `id` int NOT NULL,
  `submission_id` int NOT NULL,
  `file_laporan` varchar(255) DEFAULT NULL,
  `no_laporan` varchar(100) DEFAULT NULL,
  `tanggal_selesai` date DEFAULT NULL,
  `catatan_laporan` text,
  `created_at` timestamp NULL DEFAULT CURRENT_TIMESTAMP
) ENGINE=InnoDB DEFAULT CHARSET=utf8mb4 COLLATE=utf8mb4_0900_ai_ci;

--
-- Dumping data for table `test_reports`
--

INSERT INTO `test_reports` (`id`, `submission_id`, `file_laporan`, `no_laporan`, `tanggal_selesai`, `catatan_laporan`, `created_at`) VALUES
(1, 6, 'laporan-1779271681427-883370282.pdf', NULL, NULL, NULL, '2026-05-20 10:08:01'),
(2, 10, 'laporan-1782049247099-834282822.pdf', NULL, NULL, NULL, '2026-06-21 13:40:47'),
(3, 11, 'laporan-1782049746177-115758749.pdf', NULL, NULL, NULL, '2026-06-21 13:49:06'),
(4, 13, 'laporan-1782054830444-240040166.pdf', NULL, NULL, NULL, '2026-06-21 15:13:50'),
(5, 12, 'laporan-1782056605164-877333713.pdf', NULL, NULL, NULL, '2026-06-21 15:43:25'),
(7, 14, 'laporan-1782067045571-277432041.pdf', NULL, NULL, NULL, '2026-06-21 18:37:25'),
(11, 17, 'laporan-1782135730265-257100557.pdf', NULL, NULL, NULL, '2026-06-22 13:42:10'),
(12, 18, 'laporan-1782176736079-384488648.pdf', NULL, NULL, NULL, '2026-06-23 01:05:36'),
(13, 19, 'laporan-1782184098146-503682056.pdf', NULL, NULL, NULL, '2026-06-23 03:08:18'),
(17, 27, 'laporan-1782633780760-84687400.pdf', NULL, NULL, NULL, '2026-06-28 08:03:00'),
(18, 43, 'laporan-1783180600399-713382174.pdf', 'LAP-43-1783180600430', NULL, NULL, '2026-07-04 15:56:40'),
(19, 44, 'laporan-1783183849267-509032713.pdf', 'LAP-44-1783183849372', NULL, NULL, '2026-07-04 16:50:49'),
(20, 45, 'laporan-1783184970633-451241436.pdf', 'LAP-45-1783184970652', NULL, NULL, '2026-07-04 17:09:30'),
(21, 46, 'laporan-1783185813832-515709725.pdf', 'LAP-46-1783185813859', NULL, NULL, '2026-07-04 17:23:33'),
(22, 47, 'laporan-1783187162170-370054803.pdf', 'LAP-47-1783187162189', NULL, NULL, '2026-07-04 17:46:02'),
(23, 48, 'laporan-1783187756960-962616168.pdf', 'LAP-48-1783187756979', NULL, NULL, '2026-07-04 17:55:56'),
(24, 49, 'laporan-1783188553088-39676625.pdf', 'LAP-49-1783188553108', NULL, NULL, '2026-07-04 18:09:13'),
(25, 50, 'laporan-1783189002474-286574307.pdf', 'LAP-50-1783189002491', NULL, NULL, '2026-07-04 18:16:42');

-- --------------------------------------------------------

--
-- Table structure for table `test_types`
--

CREATE TABLE `test_types` (
  `id` int NOT NULL,
  `type_name` varchar(100) NOT NULL,
  `created_at` timestamp NULL DEFAULT CURRENT_TIMESTAMP
) ENGINE=InnoDB DEFAULT CHARSET=utf8mb4 COLLATE=utf8mb4_0900_ai_ci;

--
-- Dumping data for table `test_types`
--

INSERT INTO `test_types` (`id`, `type_name`, `created_at`) VALUES
(1, 'PENGUJIAN BAHAN', '2026-02-28 08:55:51'),
(2, 'PENGUJIAN KONSTRUKSI', '2026-02-28 08:55:51');

-- --------------------------------------------------------

--
-- Table structure for table `users`
--

CREATE TABLE `users` (
  `id` int NOT NULL,
  `email` varchar(100) NOT NULL,
  `password` varchar(255) NOT NULL,
  `role` enum('admin','petugas','pelanggan') DEFAULT 'pelanggan',
  `full_name` varchar(100) NOT NULL,
  `employee_id` varchar(50) DEFAULT NULL,
  `nama_instansi` varchar(255) DEFAULT NULL,
  `alamat` text,
  `nomor_telepon` varchar(20) DEFAULT NULL,
  `avatar` varchar(255) DEFAULT NULL,
  `created_at` timestamp NULL DEFAULT CURRENT_TIMESTAMP,
  `updated_at` timestamp NULL DEFAULT NULL ON UPDATE CURRENT_TIMESTAMP,
  `notif_email` tinyint(1) DEFAULT '1',
  `notif_wa` tinyint(1) DEFAULT '0'
) ENGINE=InnoDB DEFAULT CHARSET=utf8mb4 COLLATE=utf8mb4_0900_ai_ci;

--
-- Dumping data for table `users`
--

INSERT INTO `users` (`id`, `email`, `password`, `role`, `full_name`, `employee_id`, `nama_instansi`, `alamat`, `nomor_telepon`, `avatar`, `created_at`, `updated_at`, `notif_email`, `notif_wa`) VALUES
(1, 'pawpaw@gmail.com', '$2b$10$mKQSetMmxAc2Mq4UuhWS.e1l6/ZfUYcwD9cf23nCvQtDKnCPwPF.6', 'pelanggan', 'Eolia Shalbillah Gadis Suwandi', NULL, 'PT. Suka Haechan', 'Jl. Kemayoran, No.16, Jakarta Pusat', '089651588072', '/uploads/avatar/avatar-1772599220550-854122926.jpg', '2026-02-28 10:19:57', '2026-03-04 05:04:21', 1, 0),
(4, 'admin@uptd.gov.idd', '$2b$10$6jnds6WqVKwpYIMBncX1leZjTsC/QMvhwKWRSw2ffZVyA0XX0a93.', 'admin', 'Administrator UPTD', NULL, 'UPTD Laboratorium Pengujian', 'Kantor UPTD Laboratorium, Provinsi Banten', '0254-1234567', '/uploads/avatar/avatar-1782613269361-181599927.jpg', '2026-03-04 05:41:21', '2026-06-28 02:22:19', 1, 0),
(6, 'gadis1234@gmail.com', '$2b$10$Ngoepwqea4tQJSFqD/j2EuYViT7RFLjjj9H85Sj.bRNLmdrlRGr/a', 'pelanggan', 'Gadis Suwandi', NULL, 'PT. Suwandi16', 'Jl. Diponegoro, No.12345', '089651588072', NULL, '2026-03-27 17:08:07', '2026-03-28 01:14:50', 1, 0),
(7, 'kaloka16@gmail.com', '$2b$10$KzxXn5REV8hnYaAdoxhWSeNSYHZJ78OpjZhnheDlzAgQZqg7B3mWS', 'pelanggan', 'Kaloka Aswaraa', NULL, 'PT. Ama', 'Jl. In Dulu Aja', '089651588072', '/uploads/avatar/avatar-1782045195828-440523254.jpg', '2026-06-21 12:23:32', '2026-06-25 08:40:46', 0, 0),
(8, 'ristyevaa68@gmail.com', '$2b$10$fooi7AYncox4yCZ9AWod9elHAtS4uverJ/xQ/32tqCgpZClCRuHyi', 'pelanggan', 'evaa risty', NULL, 'itn', 'jl.simpang golf\r\n', '08231567890', '/uploads/avatar/avatar-1782127611501-177236482.jpeg', '2026-06-21 18:12:31', '2026-06-22 11:26:51', 1, 0),
(9, 'eolia123@gmail.com', '$2b$10$pL8jGNk3T1TvG5GXo/EtL.gQgA62ClxfqSrT4VrjKKhuSWNWOBgbO', 'pelanggan', 'Eolia Shalbillah Gadis Suwandi', NULL, 'PT. Suka Maju', 'Banudng, Cimahi', '089651588072', NULL, '2026-06-23 02:26:22', NULL, 1, 0),
(10, 'Milan08@gmail.com', '$2b$10$pN/ooTFSCrhZSH52QCzmj.4Umt3QDMSbJOJywJBzav9bwTRXPiILy', 'pelanggan', 'Milano Keshi', NULL, 'Milan Company', 'Seoul, South Korean', '829651588072', '/uploads/avatar/avatar-1782612809045-155477228.jpg', '2026-06-28 01:58:06', '2026-06-30 04:20:18', 0, 0),
(11, 'admin1@uptd.gov.id', '$2b$10$N9qo8uLOickgx2ZMRZoMyeIjZAgcfl7p92ldGxad68LJZdL17lhWy', 'admin', 'Admin UPTD', NULL, NULL, NULL, NULL, NULL, '2026-06-28 04:24:56', '2026-06-28 04:24:56', 1, 0),
(12, 'admin@uptd.go.id', '$2b$10$fKzRv2HKmVwTVMBH4ql7wuFdS4qYUSSmbCVVCD4FNMghkK9AMJpKK', 'admin', 'Super Admin UPTD', NULL, NULL, NULL, '089651588073', '/uploads/avatar/avatar-1783175235192-15254750.jpg', '2026-06-28 04:28:55', '2026-07-04 14:38:19', 1, 0),
(14, 'jelita12@gmail.com', '$2b$12$ZiQxaD9BCipPgn/mZIsPCeByfBlUgBzrzmBT8H9pGmO95/1XeP9b6', 'pelanggan', 'Jelita Koejora', NULL, 'PT. Koejora', 'Busan, Korean', '089651588072', '/uploads/avatar/avatar-1783133876929-930722947.jpeg', '2026-07-03 12:30:53', '2026-07-04 03:17:07', 1, 0),
(15, 'krayan16@gmail.com', '$2b$10$3YiJ0IHyVJINkHEIsU3N0.keaE5vfVVVJl9Vl6q8piAbZOaHoTdni', 'pelanggan', 'K Rayann', NULL, 'PT. Rayan KK', 'Soo Lali Lali', '089651588075', '/uploads/avatar/avatar-1783178353993-654002542.jpg', '2026-07-04 15:09:49', '2026-07-04 15:19:39', 1, 0);

-- --------------------------------------------------------

--
-- Table structure for table `user_notifications`
--

CREATE TABLE `user_notifications` (
  `id` int NOT NULL,
  `user_id` int NOT NULL,
  `title` varchar(255) NOT NULL,
  `message` text NOT NULL,
  `type` varchar(50) DEFAULT 'info',
  `is_read` tinyint(1) DEFAULT '0',
  `created_at` timestamp NULL DEFAULT CURRENT_TIMESTAMP
) ENGINE=InnoDB DEFAULT CHARSET=utf8mb4 COLLATE=utf8mb4_0900_ai_ci;

--
-- Dumping data for table `user_notifications`
--

INSERT INTO `user_notifications` (`id`, `user_id`, `title`, `message`, `type`, `is_read`, `created_at`) VALUES
(1, 14, 'Status Pengajuan Berubah', 'Pengajuan Jelita Company sekarang: Pengecekan Sampel', 'status_update', 0, '2026-07-04 08:18:20'),
(2, 14, 'Status Pengajuan Berubah', 'Pengajuan Jelita Company sekarang: Menunggu SKRD Upload', 'status_update', 0, '2026-07-04 08:18:52'),
(3, 14, 'Pengingat Pembayaran', 'Mohon segera selesaikan pembayaran untuk Jelita Company', 'payment_reminder', 0, '2026-07-04 12:10:26'),
(4, 14, 'Pembayaran Diverifikasi', 'Pembayaran untuk Koejora Company sudah dikonfirmasi', 'payment_verified', 0, '2026-07-04 13:13:38'),
(5, 14, 'Status Pengajuan Berubah', 'Pengajuan Jelita Company sekarang: Sedang Diuji', 'status_update', 0, '2026-07-04 14:14:51'),
(6, 15, 'Status Pengajuan Berubah', 'Pengajuan Rayan K Company sekarang: Belum Lunas', 'status_update', 0, '2026-07-04 15:46:43'),
(7, 15, 'Status Pengajuan Berubah', 'Pengajuan Rayan K Company sekarang: Lunas', 'status_update', 0, '2026-07-04 15:48:51'),
(8, 15, 'Status Pengajuan Berubah', 'Pengajuan Rayan K Company sekarang: Sedang Diuji', 'status_update', 0, '2026-07-04 15:49:36'),
(9, 15, 'Status Pengajuan Berubah', 'Pengajuan Rayan K Company sekarang: Selesai', 'status_update', 0, '2026-07-04 15:51:24'),
(10, 15, 'Laporan Hasil Pengujian Tersedia', 'Laporan untuk Rayan K Company telah tersedia. Silakan unduh di halaman detail pengajuan.', 'report', 0, '2026-07-04 15:56:40'),
(11, 15, 'Laporan Hasil Pengujian Tersedia', 'Laporan untuk Koejora Company telah tersedia. Silakan unduh di halaman detail pengajuan.', 'report', 0, '2026-07-04 16:50:49'),
(12, 15, 'Status Pengajuan Berubah', 'Pengajuan Koejora Company sekarang: Menunggu Verifikasi', 'status_update', 0, '2026-07-04 16:50:53'),
(13, 15, 'Status Pengajuan Berubah', 'Pengajuan Jelita Company sekarang: Selesai', 'status_update', 0, '2026-07-04 17:08:54'),
(14, 15, 'Laporan Hasil Pengujian Tersedia', 'Laporan untuk Jelita Company telah tersedia. Silakan unduh di halaman detail pengajuan.', 'report', 0, '2026-07-04 17:09:30'),
(15, 15, 'Laporan Hasil Pengujian Tersedia', 'Laporan untuk Jelita Company telah tersedia. Silakan unduh di halaman detail pengajuan.', 'report', 0, '2026-07-04 17:23:33'),
(16, 15, 'Status Pengajuan Berubah', 'Pengajuan Jelita Company sekarang: Menunggu Verifikasi', 'status_update', 0, '2026-07-04 17:23:37'),
(17, 15, 'Status Pengajuan Berubah', 'Pengajuan Jelita Company sekarang: Sedang Diuji', 'status_update', 0, '2026-07-04 17:23:46'),
(18, 15, 'Status Pengajuan Berubah', 'Pengajuan Jelita Company sekarang: Selesai', 'status_update', 0, '2026-07-04 17:24:01'),
(19, 15, 'Status Pengajuan Berubah', 'Pengajuan Jelita Company sekarang: Selesai', 'status_update', 0, '2026-07-04 17:45:49'),
(20, 15, 'Laporan Hasil Pengujian Tersedia', 'Laporan untuk Jelita Company telah tersedia. Silakan unduh di halaman detail pengajuan.', 'report', 0, '2026-07-04 17:46:02'),
(21, 15, 'Laporan Hasil Pengujian Tersedia', 'Laporan untuk Pembang telah tersedia. Silakan unduh di halaman detail pengajuan.', 'report', 0, '2026-07-04 17:55:57'),
(22, 15, 'Status Pengajuan Berubah', 'Pengajuan Pembang sekarang: Menunggu Verifikasi', 'status_update', 0, '2026-07-04 17:55:59'),
(23, 15, 'Status Pengajuan Berubah', 'Pengajuan Pembang sekarang: Selesai', 'status_update', 0, '2026-07-04 17:56:03'),
(24, 15, 'Status Pengajuan Berubah', 'Pengajuan Pembang sekarang: Menunggu Verifikasi', 'status_update', 0, '2026-07-04 17:56:12'),
(25, 15, 'Status Pengajuan Berubah', 'Pengajuan Pembang sekarang: Selesai', 'status_update', 0, '2026-07-04 17:56:18'),
(26, 15, 'Status Pengajuan Berubah', 'Pengajuan Jelita Company sekarang: Selesai', 'status_update', 0, '2026-07-04 18:08:57'),
(27, 15, 'Laporan Hasil Pengujian Tersedia', 'Laporan untuk Jelita Company telah tersedia. Silakan unduh di halaman detail pengajuan.', 'report', 0, '2026-07-04 18:09:13'),
(28, 15, 'Laporan Hasil Pengujian Tersedia', 'Laporan untuk Pembang telah tersedia. Silakan unduh di halaman detail pengajuan.', 'report', 0, '2026-07-04 18:16:42');

--
-- Indexes for dumped tables
--

--
-- Indexes for table `activities`
--
ALTER TABLE `activities`
  ADD PRIMARY KEY (`id`),
  ADD KEY `user_id` (`user_id`);

--
-- Indexes for table `jadwal_sibuk`
--
ALTER TABLE `jadwal_sibuk`
  ADD PRIMARY KEY (`id`),
  ADD KEY `idx_tanggal` (`tanggal_mulai`,`tanggal_selesai`);

--
-- Indexes for table `kuisioner`
--
ALTER TABLE `kuisioner`
  ADD PRIMARY KEY (`id`),
  ADD UNIQUE KEY `submission_id` (`submission_id`);

--
-- Indexes for table `kuisioner_questions`
--
ALTER TABLE `kuisioner_questions`
  ADD PRIMARY KEY (`id`);

--
-- Indexes for table `notifications`
--
ALTER TABLE `notifications`
  ADD PRIMARY KEY (`id`);

--
-- Indexes for table `payments`
--
ALTER TABLE `payments`
  ADD PRIMARY KEY (`id`),
  ADD UNIQUE KEY `submission_id` (`submission_id`);

--
-- Indexes for table `services`
--
ALTER TABLE `services`
  ADD PRIMARY KEY (`id`),
  ADD KEY `category_id` (`category_id`),
  ADD KEY `idx_test_type_id` (`test_type_id`);

--
-- Indexes for table `settings`
--
ALTER TABLE `settings`
  ADD PRIMARY KEY (`id`),
  ADD UNIQUE KEY `setting_key` (`setting_key`);

--
-- Indexes for table `submissions`
--
ALTER TABLE `submissions`
  ADD PRIMARY KEY (`id`),
  ADD KEY `user_id` (`user_id`),
  ADD KEY `idx_jadwal_sampling` (`jadwal_sampling`);

--
-- Indexes for table `submission_samples`
--
ALTER TABLE `submission_samples`
  ADD PRIMARY KEY (`id`),
  ADD KEY `submission_id` (`submission_id`),
  ADD KEY `test_type_id` (`test_type_id`),
  ADD KEY `test_category_id` (`test_category_id`),
  ADD KEY `service_id` (`service_id`);

--
-- Indexes for table `test_categories`
--
ALTER TABLE `test_categories`
  ADD PRIMARY KEY (`id`),
  ADD KEY `test_type_id` (`test_type_id`);

--
-- Indexes for table `test_reports`
--
ALTER TABLE `test_reports`
  ADD PRIMARY KEY (`id`),
  ADD UNIQUE KEY `submission_id` (`submission_id`);

--
-- Indexes for table `test_types`
--
ALTER TABLE `test_types`
  ADD PRIMARY KEY (`id`);

--
-- Indexes for table `users`
--
ALTER TABLE `users`
  ADD PRIMARY KEY (`id`),
  ADD UNIQUE KEY `email` (`email`);

--
-- Indexes for table `user_notifications`
--
ALTER TABLE `user_notifications`
  ADD PRIMARY KEY (`id`),
  ADD KEY `user_id` (`user_id`);

--
-- AUTO_INCREMENT for dumped tables
--

--
-- AUTO_INCREMENT for table `activities`
--
ALTER TABLE `activities`
  MODIFY `id` int NOT NULL AUTO_INCREMENT, AUTO_INCREMENT=887;

--
-- AUTO_INCREMENT for table `jadwal_sibuk`
--
ALTER TABLE `jadwal_sibuk`
  MODIFY `id` int NOT NULL AUTO_INCREMENT, AUTO_INCREMENT=4;

--
-- AUTO_INCREMENT for table `kuisioner`
--
ALTER TABLE `kuisioner`
  MODIFY `id` int NOT NULL AUTO_INCREMENT, AUTO_INCREMENT=18;

--
-- AUTO_INCREMENT for table `kuisioner_questions`
--
ALTER TABLE `kuisioner_questions`
  MODIFY `id` int NOT NULL AUTO_INCREMENT, AUTO_INCREMENT=20;

--
-- AUTO_INCREMENT for table `notifications`
--
ALTER TABLE `notifications`
  MODIFY `id` int NOT NULL AUTO_INCREMENT, AUTO_INCREMENT=46;

--
-- AUTO_INCREMENT for table `payments`
--
ALTER TABLE `payments`
  MODIFY `id` int NOT NULL AUTO_INCREMENT, AUTO_INCREMENT=51;

--
-- AUTO_INCREMENT for table `services`
--
ALTER TABLE `services`
  MODIFY `id` int NOT NULL AUTO_INCREMENT, AUTO_INCREMENT=33;

--
-- AUTO_INCREMENT for table `settings`
--
ALTER TABLE `settings`
  MODIFY `id` int NOT NULL AUTO_INCREMENT, AUTO_INCREMENT=169;

--
-- AUTO_INCREMENT for table `submissions`
--
ALTER TABLE `submissions`
  MODIFY `id` int NOT NULL AUTO_INCREMENT, AUTO_INCREMENT=51;

--
-- AUTO_INCREMENT for table `submission_samples`
--
ALTER TABLE `submission_samples`
  MODIFY `id` int NOT NULL AUTO_INCREMENT, AUTO_INCREMENT=44;

--
-- AUTO_INCREMENT for table `test_categories`
--
ALTER TABLE `test_categories`
  MODIFY `id` int NOT NULL AUTO_INCREMENT, AUTO_INCREMENT=7;

--
-- AUTO_INCREMENT for table `test_reports`
--
ALTER TABLE `test_reports`
  MODIFY `id` int NOT NULL AUTO_INCREMENT, AUTO_INCREMENT=26;

--
-- AUTO_INCREMENT for table `test_types`
--
ALTER TABLE `test_types`
  MODIFY `id` int NOT NULL AUTO_INCREMENT, AUTO_INCREMENT=3;

--
-- AUTO_INCREMENT for table `users`
--
ALTER TABLE `users`
  MODIFY `id` int NOT NULL AUTO_INCREMENT, AUTO_INCREMENT=16;

--
-- AUTO_INCREMENT for table `user_notifications`
--
ALTER TABLE `user_notifications`
  MODIFY `id` int NOT NULL AUTO_INCREMENT, AUTO_INCREMENT=29;

--
-- Constraints for dumped tables
--

--
-- Constraints for table `activities`
--
ALTER TABLE `activities`
  ADD CONSTRAINT `activities_ibfk_1` FOREIGN KEY (`user_id`) REFERENCES `users` (`id`) ON DELETE SET NULL;

--
-- Constraints for table `kuisioner`
--
ALTER TABLE `kuisioner`
  ADD CONSTRAINT `kuisioner_ibfk_1` FOREIGN KEY (`submission_id`) REFERENCES `submissions` (`id`) ON DELETE CASCADE;

--
-- Constraints for table `payments`
--
ALTER TABLE `payments`
  ADD CONSTRAINT `payments_ibfk_1` FOREIGN KEY (`submission_id`) REFERENCES `submissions` (`id`) ON DELETE CASCADE;

--
-- Constraints for table `services`
--
ALTER TABLE `services`
  ADD CONSTRAINT `fk_services_test_type` FOREIGN KEY (`test_type_id`) REFERENCES `test_types` (`id`) ON DELETE RESTRICT,
  ADD CONSTRAINT `services_ibfk_1` FOREIGN KEY (`category_id`) REFERENCES `test_categories` (`id`) ON DELETE CASCADE;

--
-- Constraints for table `submissions`
--
ALTER TABLE `submissions`
  ADD CONSTRAINT `submissions_ibfk_1` FOREIGN KEY (`user_id`) REFERENCES `users` (`id`) ON DELETE CASCADE;

--
-- Constraints for table `submission_samples`
--
ALTER TABLE `submission_samples`
  ADD CONSTRAINT `submission_samples_ibfk_1` FOREIGN KEY (`submission_id`) REFERENCES `submissions` (`id`) ON DELETE CASCADE,
  ADD CONSTRAINT `submission_samples_ibfk_2` FOREIGN KEY (`test_type_id`) REFERENCES `test_types` (`id`),
  ADD CONSTRAINT `submission_samples_ibfk_3` FOREIGN KEY (`test_category_id`) REFERENCES `test_categories` (`id`),
  ADD CONSTRAINT `submission_samples_ibfk_4` FOREIGN KEY (`service_id`) REFERENCES `services` (`id`);

--
-- Constraints for table `test_categories`
--
ALTER TABLE `test_categories`
  ADD CONSTRAINT `test_categories_ibfk_1` FOREIGN KEY (`test_type_id`) REFERENCES `test_types` (`id`) ON DELETE CASCADE;

--
-- Constraints for table `test_reports`
--
ALTER TABLE `test_reports`
  ADD CONSTRAINT `test_reports_ibfk_1` FOREIGN KEY (`submission_id`) REFERENCES `submissions` (`id`) ON DELETE CASCADE;

--
-- Constraints for table `user_notifications`
--
ALTER TABLE `user_notifications`
  ADD CONSTRAINT `user_notifications_ibfk_1` FOREIGN KEY (`user_id`) REFERENCES `users` (`id`) ON DELETE CASCADE;
COMMIT;

/*!40101 SET CHARACTER_SET_CLIENT=@OLD_CHARACTER_SET_CLIENT */;
/*!40101 SET CHARACTER_SET_RESULTS=@OLD_CHARACTER_SET_RESULTS */;
/*!40101 SET COLLATION_CONNECTION=@OLD_COLLATION_CONNECTION */;
